Source,Target,Weight
eid-1,eid-0,10
eid-0,eid-1,10
eid-2,eid-1,10
eid-3,eid-1,10
eid-4,eid-1,10
eid-5,eid-1,10
eid-6,eid-1,10
eid-7,eid-1,10
eid-8,eid-1,10
eid-9,eid-1,10
eid-10,eid-1,10
eid-11,eid-1,10
eid-12,eid-1,10
eid-13,eid-1,10
eid-14,eid-1,10
eid-15,eid-1,10
eid-16,eid-1,10
eid-17,eid-1,10
eid-18,eid-1,10
eid-19,eid-1,10
eid-20,eid-1,10
eid-21,eid-1,10
eid-22,eid-1,10
eid-23,eid-1,10
eid-24,eid-1,10
eid-25,eid-1,10
eid-26,eid-1,10
eid-27,eid-1,10
eid-28,eid-1,10
eid-29,eid-1,10
eid-30,eid-1,10
eid-31,eid-1,10
eid-32,eid-1,10
eid-33,eid-1,10
eid-34,eid-1,10
eid-35,eid-1,10
eid-36,eid-1,10
eid-37,eid-1,10
eid-38,eid-1,10
eid-39,eid-1,10
eid-40,eid-1,10
eid-41,eid-1,10
eid-42,eid-1,10
eid-43,eid-1,10
eid-44,eid-1,10
eid-45,eid-1,10
eid-46,eid-1,10
eid-47,eid-1,10
eid-48,eid-1,10
eid-49,eid-1,10
eid-50,eid-1,10
eid-51,eid-1,10
eid-52,eid-1,10
eid-53,eid-1,10
eid-54,eid-1,10
eid-55,eid-1,10
eid-56,eid-1,10
eid-57,eid-1,10
eid-58,eid-1,10
eid-59,eid-1,10
eid-60,eid-1,10
eid-61,eid-1,10
eid-62,eid-1,10
eid-63,eid-1,10
eid-64,eid-1,10
eid-65,eid-1,10
eid-66,eid-1,10
eid-67,eid-1,10
eid-68,eid-1,10
eid-69,eid-1,10
eid-70,eid-1,10
eid-1,eid-2,10
eid-1,eid-3,10
eid-4,eid-3,10
eid-6,eid-3,10
eid-878,eid-3,10
eid-8552,eid-3,10
eid-1,eid-4,10
eid-3,eid-4,10
eid-49,eid-4,10
eid-50,eid-4,10
eid-74,eid-4,10
eid-878,eid-4,10
eid-910,eid-4,10
eid-8552,eid-4,10
eid-1,eid-5,10
eid-56,eid-5,10
eid-75,eid-5,10
eid-86,eid-5,10
eid-93,eid-5,10
eid-106,eid-5,10
eid-136,eid-5,10
eid-140,eid-5,10
eid-144,eid-5,10
eid-145,eid-5,10
eid-151,eid-5,10
eid-188,eid-5,10
eid-195,eid-5,10
eid-212,eid-5,10
eid-213,eid-5,10
eid-301,eid-5,10
eid-416,eid-5,10
eid-443,eid-5,10
eid-478,eid-5,10
eid-566,eid-5,10
eid-588,eid-5,10
eid-647,eid-5,10
eid-734,eid-5,10
eid-823,eid-5,10
eid-851,eid-5,10
eid-919,eid-5,10
eid-1330,eid-5,10
eid-1359,eid-5,10
eid-1365,eid-5,10
eid-1371,eid-5,10
eid-1672,eid-5,10
eid-1725,eid-5,10
eid-1768,eid-5,10
eid-1793,eid-5,10
eid-1824,eid-5,10
eid-2718,eid-5,10
eid-2737,eid-5,10
eid-2753,eid-5,10
eid-3027,eid-5,10
eid-3237,eid-5,10
eid-3311,eid-5,10
eid-3334,eid-5,10
eid-3844,eid-5,10
eid-4153,eid-5,10
eid-4398,eid-5,10
eid-4746,eid-5,10
eid-5030,eid-5,10
eid-5033,eid-5,10
eid-5036,eid-5,10
eid-5048,eid-5,10
eid-5050,eid-5,10
eid-5061,eid-5,10
eid-6917,eid-5,10
eid-9132,eid-5,10
eid-9136,eid-5,10
eid-9498,eid-5,10
eid-9499,eid-5,10
eid-9500,eid-5,10
eid-9501,eid-5,10
eid-9502,eid-5,10
eid-9503,eid-5,10
eid-9504,eid-5,10
eid-1,eid-6,10
eid-3,eid-6,10
eid-7,eid-6,10
eid-50,eid-6,10
eid-74,eid-6,10
eid-308,eid-6,10
eid-878,eid-6,10
eid-910,eid-6,10
eid-10606,eid-6,10
eid-1,eid-7,10
eid-6,eid-7,10
eid-49,eid-7,10
eid-50,eid-7,10
eid-74,eid-7,10
eid-88,eid-7,10
eid-118,eid-7,10
eid-308,eid-7,10
eid-851,eid-7,10
eid-878,eid-7,10
eid-910,eid-7,10
eid-949,eid-7,10
eid-7775,eid-7,10
eid-10606,eid-7,10
eid-1,eid-8,10
eid-1,eid-9,10
eid-56,eid-9,10
eid-81,eid-9,10
eid-82,eid-9,10
eid-184,eid-9,10
eid-273,eid-9,10
eid-316,eid-9,10
eid-390,eid-9,10
eid-416,eid-9,10
eid-823,eid-9,10
eid-1053,eid-9,10
eid-1139,eid-9,10
eid-1330,eid-9,10
eid-1672,eid-9,10
eid-1725,eid-9,10
eid-1768,eid-9,10
eid-2348,eid-9,10
eid-2630,eid-9,10
eid-3334,eid-9,10
eid-3844,eid-9,10
eid-5020,eid-9,10
eid-5024,eid-9,10
eid-5033,eid-9,10
eid-5036,eid-9,10
eid-5050,eid-9,10
eid-5069,eid-9,10
eid-5587,eid-9,10
eid-8032,eid-9,10
eid-8556,eid-9,10
eid-8565,eid-9,10
eid-8566,eid-9,10
eid-9129,eid-9,10
eid-9130,eid-9,10
eid-9131,eid-9,10
eid-9132,eid-9,10
eid-9133,eid-9,10
eid-9134,eid-9,10
eid-9135,eid-9,10
eid-9136,eid-9,10
eid-1,eid-10,10
eid-11,eid-10,10
eid-12,eid-10,10
eid-13,eid-10,10
eid-1,eid-11,10
eid-10,eid-11,10
eid-12,eid-11,10
eid-13,eid-11,10
eid-74,eid-11,10
eid-1,eid-12,10
eid-10,eid-12,10
eid-11,eid-12,10
eid-13,eid-12,10
eid-74,eid-12,10
eid-1,eid-13,10
eid-10,eid-13,10
eid-11,eid-13,10
eid-12,eid-13,10
eid-56,eid-13,10
eid-74,eid-13,10
eid-78,eid-13,10
eid-82,eid-13,10
eid-115,eid-13,10
eid-128,eid-13,10
eid-362,eid-13,10
eid-959,eid-13,10
eid-960,eid-13,10
eid-961,eid-13,10
eid-962,eid-13,10
eid-1,eid-14,10
eid-1,eid-15,10
eid-56,eid-15,10
eid-102,eid-15,10
eid-112,eid-15,10
eid-133,eid-15,10
eid-1806,eid-15,10
eid-1,eid-16,10
eid-56,eid-16,10
eid-82,eid-16,10
eid-887,eid-16,10
eid-1365,eid-16,10
eid-1,eid-17,10
eid-1,eid-18,10
eid-316,eid-18,10
eid-416,eid-18,10
eid-8565,eid-18,10
eid-8566,eid-18,10
eid-1,eid-19,10
eid-5023,eid-19,10
eid-5024,eid-19,10
eid-1,eid-20,10
eid-1,eid-21,10
eid-78,eid-21,10
eid-189,eid-21,10
eid-204,eid-21,10
eid-1,eid-22,10
eid-1,eid-23,10
eid-1,eid-24,10
eid-1,eid-25,10
eid-74,eid-25,10
eid-1,eid-26,10
eid-1,eid-27,10
eid-56,eid-27,10
eid-72,eid-27,10
eid-74,eid-27,10
eid-75,eid-27,10
eid-76,eid-27,10
eid-83,eid-27,10
eid-93,eid-27,10
eid-95,eid-27,10
eid-102,eid-27,10
eid-106,eid-27,10
eid-107,eid-27,10
eid-109,eid-27,10
eid-112,eid-27,10
eid-128,eid-27,10
eid-133,eid-27,10
eid-136,eid-27,10
eid-140,eid-27,10
eid-145,eid-27,10
eid-184,eid-27,10
eid-195,eid-27,10
eid-232,eid-27,10
eid-301,eid-27,10
eid-308,eid-27,10
eid-353,eid-27,10
eid-402,eid-27,10
eid-409,eid-27,10
eid-416,eid-27,10
eid-443,eid-27,10
eid-458,eid-27,10
eid-478,eid-27,10
eid-652,eid-27,10
eid-734,eid-27,10
eid-802,eid-27,10
eid-851,eid-27,10
eid-873,eid-27,10
eid-887,eid-27,10
eid-929,eid-27,10
eid-939,eid-27,10
eid-1028,eid-27,10
eid-1139,eid-27,10
eid-1161,eid-27,10
eid-1287,eid-27,10
eid-1304,eid-27,10
eid-1334,eid-27,10
eid-1371,eid-27,10
eid-1507,eid-27,10
eid-1528,eid-27,10
eid-1552,eid-27,10
eid-1672,eid-27,10
eid-1819,eid-27,10
eid-1821,eid-27,10
eid-1824,eid-27,10
eid-1927,eid-27,10
eid-1935,eid-27,10
eid-2111,eid-27,10
eid-2253,eid-27,10
eid-2718,eid-27,10
eid-2720,eid-27,10
eid-2737,eid-27,10
eid-2753,eid-27,10
eid-2939,eid-27,10
eid-2947,eid-27,10
eid-3237,eid-27,10
eid-3844,eid-27,10
eid-4153,eid-27,10
eid-4398,eid-27,10
eid-4755,eid-27,10
eid-5033,eid-27,10
eid-5041,eid-27,10
eid-5045,eid-27,10
eid-5046,eid-27,10
eid-6826,eid-27,10
eid-6827,eid-27,10
eid-6828,eid-27,10
eid-6829,eid-27,10
eid-6830,eid-27,10
eid-6831,eid-27,10
eid-1,eid-28,10
eid-1,eid-29,10
eid-1,eid-30,10
eid-9137,eid-30,10
eid-1,eid-31,10
eid-5023,eid-31,10
eid-5024,eid-31,10
eid-1,eid-32,10
eid-9137,eid-32,10
eid-1,eid-33,10
eid-1,eid-34,10
eid-1,eid-35,10
eid-1768,eid-35,10
eid-9137,eid-35,10
eid-1,eid-36,10
eid-1,eid-37,10
eid-1,eid-38,10
eid-1,eid-39,10
eid-56,eid-39,10
eid-81,eid-39,10
eid-93,eid-39,10
eid-342,eid-39,10
eid-878,eid-39,10
eid-1588,eid-39,10
eid-1970,eid-39,10
eid-2737,eid-39,10
eid-5025,eid-39,10
eid-5026,eid-39,10
eid-5027,eid-39,10
eid-5587,eid-39,10
eid-8556,eid-39,10
eid-8558,eid-39,10
eid-8559,eid-39,10
eid-8560,eid-39,10
eid-8561,eid-39,10
eid-1,eid-40,10
eid-1,eid-41,10
eid-1768,eid-41,10
eid-9137,eid-41,10
eid-1,eid-42,10
eid-93,eid-42,10
eid-316,eid-42,10
eid-9861,eid-42,10
eid-1,eid-43,10
eid-1,eid-44,10
eid-56,eid-44,10
eid-878,eid-44,10
eid-1588,eid-44,10
eid-5026,eid-44,10
eid-5027,eid-44,10
eid-5587,eid-44,10
eid-8556,eid-44,10
eid-8560,eid-44,10
eid-8561,eid-44,10
eid-1,eid-45,10
eid-53,eid-45,10
eid-56,eid-45,10
eid-75,eid-45,10
eid-81,eid-45,10
eid-91,eid-45,10
eid-93,eid-45,10
eid-102,eid-45,10
eid-114,eid-45,10
eid-342,eid-45,10
eid-878,eid-45,10
eid-920,eid-45,10
eid-1588,eid-45,10
eid-1970,eid-45,10
eid-2348,eid-45,10
eid-2737,eid-45,10
eid-5027,eid-45,10
eid-5036,eid-45,10
eid-5587,eid-45,10
eid-8556,eid-45,10
eid-8557,eid-45,10
eid-8558,eid-45,10
eid-8559,eid-45,10
eid-8560,eid-45,10
eid-8561,eid-45,10
eid-1,eid-46,10
eid-53,eid-46,10
eid-56,eid-46,10
eid-75,eid-46,10
eid-80,eid-46,10
eid-81,eid-46,10
eid-82,eid-46,10
eid-83,eid-46,10
eid-89,eid-46,10
eid-90,eid-46,10
eid-93,eid-46,10
eid-102,eid-46,10
eid-106,eid-46,10
eid-107,eid-46,10
eid-114,eid-46,10
eid-128,eid-46,10
eid-136,eid-46,10
eid-140,eid-46,10
eid-145,eid-46,10
eid-195,eid-46,10
eid-273,eid-46,10
eid-277,eid-46,10
eid-286,eid-46,10
eid-308,eid-46,10
eid-370,eid-46,10
eid-402,eid-46,10
eid-409,eid-46,10
eid-458,eid-46,10
eid-543,eid-46,10
eid-588,eid-46,10
eid-659,eid-46,10
eid-734,eid-46,10
eid-823,eid-46,10
eid-851,eid-46,10
eid-875,eid-46,10
eid-879,eid-46,10
eid-880,eid-46,10
eid-918,eid-46,10
eid-919,eid-46,10
eid-920,eid-46,10
eid-922,eid-46,10
eid-929,eid-46,10
eid-950,eid-46,10
eid-966,eid-46,10
eid-1000,eid-46,10
eid-1028,eid-46,10
eid-1139,eid-46,10
eid-1161,eid-46,10
eid-1330,eid-46,10
eid-1334,eid-46,10
eid-1359,eid-46,10
eid-1365,eid-46,10
eid-1507,eid-46,10
eid-1560,eid-46,10
eid-1649,eid-46,10
eid-1672,eid-46,10
eid-1700,eid-46,10
eid-1723,eid-46,10
eid-1759,eid-46,10
eid-1768,eid-46,10
eid-1806,eid-46,10
eid-1817,eid-46,10
eid-1824,eid-46,10
eid-2253,eid-46,10
eid-2348,eid-46,10
eid-2715,eid-46,10
eid-2728,eid-46,10
eid-2737,eid-46,10
eid-2753,eid-46,10
eid-2773,eid-46,10
eid-3027,eid-46,10
eid-3844,eid-46,10
eid-4152,eid-46,10
eid-4746,eid-46,10
eid-5030,eid-46,10
eid-5031,eid-46,10
eid-5032,eid-46,10
eid-5033,eid-46,10
eid-5034,eid-46,10
eid-5035,eid-46,10
eid-5036,eid-46,10
eid-5037,eid-46,10
eid-5038,eid-46,10
eid-5039,eid-46,10
eid-5040,eid-46,10
eid-5041,eid-46,10
eid-5042,eid-46,10
eid-5043,eid-46,10
eid-5044,eid-46,10
eid-5045,eid-46,10
eid-5046,eid-46,10
eid-5047,eid-46,10
eid-5048,eid-46,10
eid-5049,eid-46,10
eid-5050,eid-46,10
eid-5051,eid-46,10
eid-5052,eid-46,10
eid-5053,eid-46,10
eid-5054,eid-46,10
eid-5055,eid-46,10
eid-5056,eid-46,10
eid-5057,eid-46,10
eid-5058,eid-46,10
eid-5059,eid-46,10
eid-5060,eid-46,10
eid-5061,eid-46,10
eid-5062,eid-46,10
eid-5063,eid-46,10
eid-5064,eid-46,10
eid-5065,eid-46,10
eid-5066,eid-46,10
eid-5067,eid-46,10
eid-1,eid-47,10
eid-1,eid-48,10
eid-1,eid-49,10
eid-4,eid-49,10
eid-7,eid-49,10
eid-50,eid-49,10
eid-74,eid-49,10
eid-88,eid-49,10
eid-118,eid-49,10
eid-910,eid-49,10
eid-949,eid-49,10
eid-8264,eid-49,10
eid-1,eid-50,10
eid-4,eid-50,10
eid-6,eid-50,10
eid-7,eid-50,10
eid-49,eid-50,10
eid-88,eid-50,10
eid-118,eid-50,10
eid-878,eid-50,10
eid-910,eid-50,10
eid-949,eid-50,10
eid-8264,eid-50,10
eid-1,eid-51,10
eid-109,eid-51,10
eid-316,eid-51,10
eid-823,eid-51,10
eid-3844,eid-51,10
eid-5020,eid-51,10
eid-9136,eid-51,10
eid-1,eid-52,10
eid-1768,eid-52,10
eid-9137,eid-52,10
eid-1,eid-53,10
eid-45,eid-53,10
eid-46,eid-53,10
eid-54,eid-53,10
eid-55,eid-53,10
eid-56,eid-53,10
eid-74,eid-53,10
eid-75,eid-53,10
eid-76,eid-53,10
eid-78,eid-53,10
eid-79,eid-53,10
eid-80,eid-53,10
eid-81,eid-53,10
eid-83,eid-53,10
eid-85,eid-53,10
eid-86,eid-53,10
eid-87,eid-53,10
eid-91,eid-53,10
eid-93,eid-53,10
eid-101,eid-53,10
eid-102,eid-53,10
eid-108,eid-53,10
eid-109,eid-53,10
eid-112,eid-53,10
eid-113,eid-53,10
eid-114,eid-53,10
eid-115,eid-53,10
eid-118,eid-53,10
eid-119,eid-53,10
eid-121,eid-53,10
eid-127,eid-53,10
eid-128,eid-53,10
eid-138,eid-53,10
eid-143,eid-53,10
eid-154,eid-53,10
eid-155,eid-53,10
eid-164,eid-53,10
eid-165,eid-53,10
eid-169,eid-53,10
eid-186,eid-53,10
eid-193,eid-53,10
eid-239,eid-53,10
eid-245,eid-53,10
eid-280,eid-53,10
eid-281,eid-53,10
eid-290,eid-53,10
eid-301,eid-53,10
eid-342,eid-53,10
eid-378,eid-53,10
eid-382,eid-53,10
eid-415,eid-53,10
eid-420,eid-53,10
eid-645,eid-53,10
eid-662,eid-53,10
eid-802,eid-53,10
eid-824,eid-53,10
eid-864,eid-53,10
eid-870,eid-53,10
eid-882,eid-53,10
eid-936,eid-53,10
eid-959,eid-53,10
eid-1028,eid-53,10
eid-1068,eid-53,10
eid-1354,eid-53,10
eid-1355,eid-53,10
eid-1486,eid-53,10
eid-1606,eid-53,10
eid-1668,eid-53,10
eid-1713,eid-53,10
eid-1797,eid-53,10
eid-1814,eid-53,10
eid-1849,eid-53,10
eid-1889,eid-53,10
eid-1891,eid-53,10
eid-1893,eid-53,10
eid-1947,eid-53,10
eid-1953,eid-53,10
eid-1964,eid-53,10
eid-1971,eid-53,10
eid-1976,eid-53,10
eid-1987,eid-53,10
eid-1993,eid-53,10
eid-2015,eid-53,10
eid-2039,eid-53,10
eid-2092,eid-53,10
eid-2093,eid-53,10
eid-2094,eid-53,10
eid-2095,eid-53,10
eid-2096,eid-53,10
eid-2097,eid-53,10
eid-2098,eid-53,10
eid-2099,eid-53,10
eid-2100,eid-53,10
eid-2101,eid-53,10
eid-2102,eid-53,10
eid-2103,eid-53,10
eid-2104,eid-53,10
eid-2105,eid-53,10
eid-2106,eid-53,10
eid-2107,eid-53,10
eid-2108,eid-53,10
eid-2109,eid-53,10
eid-2110,eid-53,10
eid-2111,eid-53,10
eid-2112,eid-53,10
eid-2113,eid-53,10
eid-2114,eid-53,10
eid-2115,eid-53,10
eid-2116,eid-53,10
eid-2117,eid-53,10
eid-2118,eid-53,10
eid-1,eid-54,10
eid-53,eid-54,10
eid-55,eid-54,10
eid-56,eid-54,10
eid-73,eid-54,10
eid-74,eid-54,10
eid-75,eid-54,10
eid-76,eid-54,10
eid-77,eid-54,10
eid-78,eid-54,10
eid-79,eid-54,10
eid-80,eid-54,10
eid-81,eid-54,10
eid-82,eid-54,10
eid-83,eid-54,10
eid-84,eid-54,10
eid-85,eid-54,10
eid-86,eid-54,10
eid-87,eid-54,10
eid-88,eid-54,10
eid-89,eid-54,10
eid-90,eid-54,10
eid-91,eid-54,10
eid-92,eid-54,10
eid-93,eid-54,10
eid-94,eid-54,10
eid-95,eid-54,10
eid-96,eid-54,10
eid-97,eid-54,10
eid-98,eid-54,10
eid-99,eid-54,10
eid-100,eid-54,10
eid-101,eid-54,10
eid-102,eid-54,10
eid-103,eid-54,10
eid-104,eid-54,10
eid-105,eid-54,10
eid-106,eid-54,10
eid-107,eid-54,10
eid-108,eid-54,10
eid-109,eid-54,10
eid-110,eid-54,10
eid-111,eid-54,10
eid-112,eid-54,10
eid-113,eid-54,10
eid-114,eid-54,10
eid-115,eid-54,10
eid-116,eid-54,10
eid-117,eid-54,10
eid-118,eid-54,10
eid-119,eid-54,10
eid-120,eid-54,10
eid-121,eid-54,10
eid-122,eid-54,10
eid-123,eid-54,10
eid-124,eid-54,10
eid-125,eid-54,10
eid-126,eid-54,10
eid-127,eid-54,10
eid-128,eid-54,10
eid-129,eid-54,10
eid-130,eid-54,10
eid-131,eid-54,10
eid-132,eid-54,10
eid-133,eid-54,10
eid-134,eid-54,10
eid-135,eid-54,10
eid-136,eid-54,10
eid-137,eid-54,10
eid-138,eid-54,10
eid-139,eid-54,10
eid-140,eid-54,10
eid-141,eid-54,10
eid-142,eid-54,10
eid-143,eid-54,10
eid-144,eid-54,10
eid-145,eid-54,10
eid-146,eid-54,10
eid-147,eid-54,10
eid-148,eid-54,10
eid-149,eid-54,10
eid-150,eid-54,10
eid-151,eid-54,10
eid-152,eid-54,10
eid-153,eid-54,10
eid-154,eid-54,10
eid-155,eid-54,10
eid-156,eid-54,10
eid-157,eid-54,10
eid-158,eid-54,10
eid-159,eid-54,10
eid-160,eid-54,10
eid-161,eid-54,10
eid-162,eid-54,10
eid-163,eid-54,10
eid-164,eid-54,10
eid-165,eid-54,10
eid-166,eid-54,10
eid-167,eid-54,10
eid-168,eid-54,10
eid-169,eid-54,10
eid-170,eid-54,10
eid-1,eid-55,10
eid-53,eid-55,10
eid-54,eid-55,10
eid-56,eid-55,10
eid-156,eid-55,10
eid-172,eid-55,10
eid-232,eid-55,10
eid-904,eid-55,10
eid-1976,eid-55,10
eid-2047,eid-55,10
eid-7949,eid-55,10
eid-10236,eid-55,10
eid-10238,eid-55,10
eid-10239,eid-55,10
eid-12130,eid-55,10
eid-13954,eid-55,10
eid-1,eid-56,10
eid-5,eid-56,10
eid-9,eid-56,10
eid-13,eid-56,10
eid-15,eid-56,10
eid-16,eid-56,10
eid-27,eid-56,10
eid-39,eid-56,10
eid-44,eid-56,10
eid-45,eid-56,10
eid-46,eid-56,10
eid-53,eid-56,10
eid-54,eid-56,10
eid-55,eid-56,10
eid-73,eid-56,10
eid-74,eid-56,10
eid-75,eid-56,10
eid-76,eid-56,10
eid-78,eid-56,10
eid-79,eid-56,10
eid-80,eid-56,10
eid-81,eid-56,10
eid-82,eid-56,10
eid-83,eid-56,10
eid-85,eid-56,10
eid-86,eid-56,10
eid-87,eid-56,10
eid-88,eid-56,10
eid-89,eid-56,10
eid-91,eid-56,10
eid-92,eid-56,10
eid-93,eid-56,10
eid-94,eid-56,10
eid-96,eid-56,10
eid-97,eid-56,10
eid-101,eid-56,10
eid-102,eid-56,10
eid-106,eid-56,10
eid-107,eid-56,10
eid-109,eid-56,10
eid-112,eid-56,10
eid-113,eid-56,10
eid-114,eid-56,10
eid-115,eid-56,10
eid-116,eid-56,10
eid-118,eid-56,10
eid-119,eid-56,10
eid-120,eid-56,10
eid-121,eid-56,10
eid-122,eid-56,10
eid-124,eid-56,10
eid-125,eid-56,10
eid-126,eid-56,10
eid-127,eid-56,10
eid-128,eid-56,10
eid-131,eid-56,10
eid-133,eid-56,10
eid-136,eid-56,10
eid-138,eid-56,10
eid-140,eid-56,10
eid-141,eid-56,10
eid-143,eid-56,10
eid-144,eid-56,10
eid-146,eid-56,10
eid-147,eid-56,10
eid-149,eid-56,10
eid-151,eid-56,10
eid-154,eid-56,10
eid-155,eid-56,10
eid-156,eid-56,10
eid-160,eid-56,10
eid-164,eid-56,10
eid-165,eid-56,10
eid-166,eid-56,10
eid-172,eid-56,10
eid-174,eid-56,10
eid-175,eid-56,10
eid-180,eid-56,10
eid-185,eid-56,10
eid-192,eid-56,10
eid-194,eid-56,10
eid-200,eid-56,10
eid-205,eid-56,10
eid-206,eid-56,10
eid-215,eid-56,10
eid-224,eid-56,10
eid-228,eid-56,10
eid-232,eid-56,10
eid-239,eid-56,10
eid-240,eid-56,10
eid-245,eid-56,10
eid-269,eid-56,10
eid-271,eid-56,10
eid-277,eid-56,10
eid-287,eid-56,10
eid-288,eid-56,10
eid-290,eid-56,10
eid-293,eid-56,10
eid-295,eid-56,10
eid-301,eid-56,10
eid-305,eid-56,10
eid-326,eid-56,10
eid-333,eid-56,10
eid-339,eid-56,10
eid-342,eid-56,10
eid-344,eid-56,10
eid-360,eid-56,10
eid-362,eid-56,10
eid-363,eid-56,10
eid-370,eid-56,10
eid-377,eid-56,10
eid-378,eid-56,10
eid-385,eid-56,10
eid-388,eid-56,10
eid-415,eid-56,10
eid-420,eid-56,10
eid-423,eid-56,10
eid-441,eid-56,10
eid-448,eid-56,10
eid-449,eid-56,10
eid-455,eid-56,10
eid-461,eid-56,10
eid-462,eid-56,10
eid-465,eid-56,10
eid-468,eid-56,10
eid-481,eid-56,10
eid-528,eid-56,10
eid-614,eid-56,10
eid-652,eid-56,10
eid-659,eid-56,10
eid-662,eid-56,10
eid-686,eid-56,10
eid-762,eid-56,10
eid-789,eid-56,10
eid-802,eid-56,10
eid-824,eid-56,10
eid-864,eid-56,10
eid-866,eid-56,10
eid-870,eid-56,10
eid-871,eid-56,10
eid-881,eid-56,10
eid-882,eid-56,10
eid-887,eid-56,10
eid-898,eid-56,10
eid-899,eid-56,10
eid-900,eid-56,10
eid-901,eid-56,10
eid-925,eid-56,10
eid-928,eid-56,10
eid-936,eid-56,10
eid-937,eid-56,10
eid-938,eid-56,10
eid-948,eid-56,10
eid-951,eid-56,10
eid-959,eid-56,10
eid-1023,eid-56,10
eid-1024,eid-56,10
eid-1077,eid-56,10
eid-1117,eid-56,10
eid-1139,eid-56,10
eid-1180,eid-56,10
eid-1202,eid-56,10
eid-1259,eid-56,10
eid-1298,eid-56,10
eid-1340,eid-56,10
eid-1341,eid-56,10
eid-1377,eid-56,10
eid-1392,eid-56,10
eid-1393,eid-56,10
eid-1459,eid-56,10
eid-1466,eid-56,10
eid-1471,eid-56,10
eid-1507,eid-56,10
eid-1535,eid-56,10
eid-1538,eid-56,10
eid-1552,eid-56,10
eid-1555,eid-56,10
eid-1566,eid-56,10
eid-1668,eid-56,10
eid-1710,eid-56,10
eid-1767,eid-56,10
eid-1784,eid-56,10
eid-1797,eid-56,10
eid-1801,eid-56,10
eid-1814,eid-56,10
eid-1821,eid-56,10
eid-1842,eid-56,10
eid-1888,eid-56,10
eid-1889,eid-56,10
eid-1891,eid-56,10
eid-1893,eid-56,10
eid-1894,eid-56,10
eid-1897,eid-56,10
eid-1903,eid-56,10
eid-1908,eid-56,10
eid-1910,eid-56,10
eid-1916,eid-56,10
eid-1925,eid-56,10
eid-1935,eid-56,10
eid-1936,eid-56,10
eid-1940,eid-56,10
eid-1941,eid-56,10
eid-1942,eid-56,10
eid-1943,eid-56,10
eid-1944,eid-56,10
eid-1945,eid-56,10
eid-1946,eid-56,10
eid-1947,eid-56,10
eid-1948,eid-56,10
eid-1949,eid-56,10
eid-1950,eid-56,10
eid-1951,eid-56,10
eid-1952,eid-56,10
eid-1953,eid-56,10
eid-1954,eid-56,10
eid-1955,eid-56,10
eid-1956,eid-56,10
eid-1957,eid-56,10
eid-1958,eid-56,10
eid-1959,eid-56,10
eid-1960,eid-56,10
eid-1961,eid-56,10
eid-1962,eid-56,10
eid-1963,eid-56,10
eid-1964,eid-56,10
eid-1965,eid-56,10
eid-1966,eid-56,10
eid-1967,eid-56,10
eid-1968,eid-56,10
eid-1969,eid-56,10
eid-1970,eid-56,10
eid-1971,eid-56,10
eid-1972,eid-56,10
eid-1973,eid-56,10
eid-1974,eid-56,10
eid-1975,eid-56,10
eid-1976,eid-56,10
eid-1977,eid-56,10
eid-1978,eid-56,10
eid-1979,eid-56,10
eid-1980,eid-56,10
eid-1981,eid-56,10
eid-1982,eid-56,10
eid-1983,eid-56,10
eid-1984,eid-56,10
eid-1985,eid-56,10
eid-1986,eid-56,10
eid-1987,eid-56,10
eid-1988,eid-56,10
eid-1989,eid-56,10
eid-1990,eid-56,10
eid-1991,eid-56,10
eid-1992,eid-56,10
eid-1993,eid-56,10
eid-1994,eid-56,10
eid-1995,eid-56,10
eid-1996,eid-56,10
eid-1997,eid-56,10
eid-1998,eid-56,10
eid-1999,eid-56,10
eid-2000,eid-56,10
eid-2001,eid-56,10
eid-2002,eid-56,10
eid-2003,eid-56,10
eid-2004,eid-56,10
eid-2005,eid-56,10
eid-2006,eid-56,10
eid-2007,eid-56,10
eid-2008,eid-56,10
eid-2009,eid-56,10
eid-2010,eid-56,10
eid-2011,eid-56,10
eid-2012,eid-56,10
eid-2013,eid-56,10
eid-2014,eid-56,10
eid-2015,eid-56,10
eid-2016,eid-56,10
eid-2017,eid-56,10
eid-2018,eid-56,10
eid-2019,eid-56,10
eid-2020,eid-56,10
eid-2021,eid-56,10
eid-2022,eid-56,10
eid-2023,eid-56,10
eid-2024,eid-56,10
eid-2025,eid-56,10
eid-2026,eid-56,10
eid-2027,eid-56,10
eid-2028,eid-56,10
eid-2029,eid-56,10
eid-2030,eid-56,10
eid-2031,eid-56,10
eid-2032,eid-56,10
eid-2033,eid-56,10
eid-2034,eid-56,10
eid-2035,eid-56,10
eid-2036,eid-56,10
eid-2037,eid-56,10
eid-2038,eid-56,10
eid-2039,eid-56,10
eid-2040,eid-56,10
eid-2041,eid-56,10
eid-2042,eid-56,10
eid-2043,eid-56,10
eid-2044,eid-56,10
eid-2045,eid-56,10
eid-2046,eid-56,10
eid-2047,eid-56,10
eid-2048,eid-56,10
eid-1,eid-57,10
eid-1,eid-58,10
eid-9137,eid-58,10
eid-1,eid-59,10
eid-81,eid-59,10
eid-878,eid-59,10
eid-1588,eid-59,10
eid-1970,eid-59,10
eid-2737,eid-59,10
eid-5027,eid-59,10
eid-8556,eid-59,10
eid-8559,eid-59,10
eid-8560,eid-59,10
eid-9508,eid-59,10
eid-1,eid-60,10
eid-109,eid-60,10
eid-273,eid-60,10
eid-1330,eid-60,10
eid-1725,eid-60,10
eid-2348,eid-60,10
eid-5024,eid-60,10
eid-5033,eid-60,10
eid-5069,eid-60,10
eid-9129,eid-60,10
eid-9130,eid-60,10
eid-9131,eid-60,10
eid-1,eid-61,10
eid-1,eid-62,10
eid-109,eid-62,10
eid-316,eid-62,10
eid-1053,eid-62,10
eid-1725,eid-62,10
eid-2348,eid-62,10
eid-3334,eid-62,10
eid-3844,eid-62,10
eid-5020,eid-62,10
eid-5021,eid-62,10
eid-9131,eid-62,10
eid-9135,eid-62,10
eid-1,eid-63,10
eid-1,eid-64,10
eid-1,eid-65,10
eid-2718,eid-65,10
eid-9861,eid-65,10
eid-10369,eid-65,10
eid-1,eid-66,10
eid-1,eid-67,10
eid-1,eid-68,10
eid-1,eid-69,10
eid-140,eid-69,10
eid-588,eid-69,10
eid-2630,eid-69,10
eid-5020,eid-69,10
eid-5021,eid-69,10
eid-1,eid-70,10
eid-10601,eid-70,10
eid-72,eid-71,10
eid-27,eid-72,10
eid-71,eid-72,10
eid-74,eid-72,10
eid-76,eid-72,10
eid-77,eid-72,10
eid-81,eid-72,10
eid-95,eid-72,10
eid-118,eid-72,10
eid-136,eid-72,10
eid-140,eid-72,10
eid-175,eid-72,10
eid-180,eid-72,10
eid-188,eid-72,10
eid-195,eid-72,10
eid-206,eid-72,10
eid-213,eid-72,10
eid-219,eid-72,10
eid-221,eid-72,10
eid-224,eid-72,10
eid-233,eid-72,10
eid-255,eid-72,10
eid-284,eid-72,10
eid-293,eid-72,10
eid-299,eid-72,10
eid-300,eid-72,10
eid-307,eid-72,10
eid-312,eid-72,10
eid-314,eid-72,10
eid-315,eid-72,10
eid-335,eid-72,10
eid-336,eid-72,10
eid-346,eid-72,10
eid-354,eid-72,10
eid-355,eid-72,10
eid-364,eid-72,10
eid-379,eid-72,10
eid-383,eid-72,10
eid-398,eid-72,10
eid-416,eid-72,10
eid-426,eid-72,10
eid-443,eid-72,10
eid-446,eid-72,10
eid-448,eid-72,10
eid-452,eid-72,10
eid-471,eid-72,10
eid-472,eid-72,10
eid-478,eid-72,10
eid-480,eid-72,10
eid-499,eid-72,10
eid-504,eid-72,10
eid-505,eid-72,10
eid-506,eid-72,10
eid-508,eid-72,10
eid-509,eid-72,10
eid-510,eid-72,10
eid-516,eid-72,10
eid-519,eid-72,10
eid-520,eid-72,10
eid-521,eid-72,10
eid-528,eid-72,10
eid-530,eid-72,10
eid-538,eid-72,10
eid-539,eid-72,10
eid-549,eid-72,10
eid-551,eid-72,10
eid-556,eid-72,10
eid-557,eid-72,10
eid-558,eid-72,10
eid-559,eid-72,10
eid-562,eid-72,10
eid-563,eid-72,10
eid-565,eid-72,10
eid-566,eid-72,10
eid-575,eid-72,10
eid-576,eid-72,10
eid-578,eid-72,10
eid-581,eid-72,10
eid-586,eid-72,10
eid-588,eid-72,10
eid-592,eid-72,10
eid-593,eid-72,10
eid-594,eid-72,10
eid-613,eid-72,10
eid-621,eid-72,10
eid-645,eid-72,10
eid-652,eid-72,10
eid-653,eid-72,10
eid-658,eid-72,10
eid-664,eid-72,10
eid-672,eid-72,10
eid-688,eid-72,10
eid-734,eid-72,10
eid-735,eid-72,10
eid-736,eid-72,10
eid-744,eid-72,10
eid-794,eid-72,10
eid-797,eid-72,10
eid-800,eid-72,10
eid-802,eid-72,10
eid-805,eid-72,10
eid-812,eid-72,10
eid-815,eid-72,10
eid-818,eid-72,10
eid-842,eid-72,10
eid-851,eid-72,10
eid-889,eid-72,10
eid-907,eid-72,10
eid-1034,eid-72,10
eid-1076,eid-72,10
eid-1094,eid-72,10
eid-1159,eid-72,10
eid-1176,eid-72,10
eid-1185,eid-72,10
eid-1198,eid-72,10
eid-1231,eid-72,10
eid-1297,eid-72,10
eid-1308,eid-72,10
eid-1338,eid-72,10
eid-1340,eid-72,10
eid-1373,eid-72,10
eid-1396,eid-72,10
eid-1422,eid-72,10
eid-1430,eid-72,10
eid-1438,eid-72,10
eid-1457,eid-72,10
eid-1458,eid-72,10
eid-1461,eid-72,10
eid-1464,eid-72,10
eid-1476,eid-72,10
eid-1481,eid-72,10
eid-1528,eid-72,10
eid-1548,eid-72,10
eid-1549,eid-72,10
eid-1555,eid-72,10
eid-1559,eid-72,10
eid-1599,eid-72,10
eid-1606,eid-72,10
eid-1607,eid-72,10
eid-1623,eid-72,10
eid-1637,eid-72,10
eid-1647,eid-72,10
eid-1653,eid-72,10
eid-1657,eid-72,10
eid-1665,eid-72,10
eid-1667,eid-72,10
eid-1761,eid-72,10
eid-1763,eid-72,10
eid-1765,eid-72,10
eid-1824,eid-72,10
eid-1910,eid-72,10
eid-2001,eid-72,10
eid-2045,eid-72,10
eid-2144,eid-72,10
eid-2263,eid-72,10
eid-2276,eid-72,10
eid-2278,eid-72,10
eid-2428,eid-72,10
eid-2566,eid-72,10
eid-2567,eid-72,10
eid-2568,eid-72,10
eid-2570,eid-72,10
eid-2575,eid-72,10
eid-2576,eid-72,10
eid-2577,eid-72,10
eid-2580,eid-72,10
eid-2591,eid-72,10
eid-2592,eid-72,10
eid-2593,eid-72,10
eid-2595,eid-72,10
eid-2603,eid-72,10
eid-2609,eid-72,10
eid-2619,eid-72,10
eid-2631,eid-72,10
eid-2642,eid-72,10
eid-2643,eid-72,10
eid-2650,eid-72,10
eid-2651,eid-72,10
eid-2654,eid-72,10
eid-2663,eid-72,10
eid-2669,eid-72,10
eid-2706,eid-72,10
eid-2775,eid-72,10
eid-2793,eid-72,10
eid-3031,eid-72,10
eid-3108,eid-72,10
eid-3117,eid-72,10
eid-3133,eid-72,10
eid-3138,eid-72,10
eid-3139,eid-72,10
eid-3147,eid-72,10
eid-3169,eid-72,10
eid-3196,eid-72,10
eid-3197,eid-72,10
eid-3230,eid-72,10
eid-3235,eid-72,10
eid-3237,eid-72,10
eid-3437,eid-72,10
eid-3448,eid-72,10
eid-3482,eid-72,10
eid-3518,eid-72,10
eid-3533,eid-72,10
eid-3535,eid-72,10
eid-3598,eid-72,10
eid-3626,eid-72,10
eid-3682,eid-72,10
eid-3792,eid-72,10
eid-3915,eid-72,10
eid-3922,eid-72,10
eid-3970,eid-72,10
eid-4027,eid-72,10
eid-4038,eid-72,10
eid-4056,eid-72,10
eid-4057,eid-72,10
eid-4131,eid-72,10
eid-4136,eid-72,10
eid-4174,eid-72,10
eid-4206,eid-72,10
eid-4531,eid-72,10
eid-4539,eid-72,10
eid-4609,eid-72,10
eid-4616,eid-72,10
eid-4677,eid-72,10
eid-4681,eid-72,10
eid-4703,eid-72,10
eid-4740,eid-72,10
eid-4991,eid-72,10
eid-5145,eid-72,10
eid-5148,eid-72,10
eid-5159,eid-72,10
eid-5167,eid-72,10
eid-5168,eid-72,10
eid-5203,eid-72,10
eid-5220,eid-72,10
eid-5223,eid-72,10
eid-5224,eid-72,10
eid-5276,eid-72,10
eid-5422,eid-72,10
eid-5425,eid-72,10
eid-5428,eid-72,10
eid-5438,eid-72,10
eid-5463,eid-72,10
eid-5464,eid-72,10
eid-5465,eid-72,10
eid-5478,eid-72,10
eid-5481,eid-72,10
eid-5482,eid-72,10
eid-5483,eid-72,10
eid-5500,eid-72,10
eid-5733,eid-72,10
eid-5734,eid-72,10
eid-5749,eid-72,10
eid-5750,eid-72,10
eid-5754,eid-72,10
eid-5774,eid-72,10
eid-5775,eid-72,10
eid-5779,eid-72,10
eid-5800,eid-72,10
eid-5828,eid-72,10
eid-5829,eid-72,10
eid-5840,eid-72,10
eid-5843,eid-72,10
eid-5870,eid-72,10
eid-5877,eid-72,10
eid-5878,eid-72,10
eid-5879,eid-72,10
eid-5880,eid-72,10
eid-5881,eid-72,10
eid-5883,eid-72,10
eid-5894,eid-72,10
eid-5921,eid-72,10
eid-5926,eid-72,10
eid-5941,eid-72,10
eid-5942,eid-72,10
eid-5951,eid-72,10
eid-6570,eid-72,10
eid-6658,eid-72,10
eid-6678,eid-72,10
eid-6782,eid-72,10
eid-6786,eid-72,10
eid-6957,eid-72,10
eid-7155,eid-72,10
eid-7188,eid-72,10
eid-7292,eid-72,10
eid-7544,eid-72,10
eid-7641,eid-72,10
eid-7657,eid-72,10
eid-7665,eid-72,10
eid-7679,eid-72,10
eid-7680,eid-72,10
eid-7733,eid-72,10
eid-7736,eid-72,10
eid-7763,eid-72,10
eid-7796,eid-72,10
eid-7821,eid-72,10
eid-7938,eid-72,10
eid-8346,eid-72,10
eid-8347,eid-72,10
eid-8348,eid-72,10
eid-8349,eid-72,10
eid-8350,eid-72,10
eid-8351,eid-72,10
eid-8352,eid-72,10
eid-8353,eid-72,10
eid-8354,eid-72,10
eid-8355,eid-72,10
eid-8356,eid-72,10
eid-8357,eid-72,10
eid-8358,eid-72,10
eid-8359,eid-72,10
eid-8360,eid-72,10
eid-8361,eid-72,10
eid-8362,eid-72,10
eid-8363,eid-72,10
eid-8364,eid-72,10
eid-8365,eid-72,10
eid-8366,eid-72,10
eid-8367,eid-72,10
eid-8368,eid-72,10
eid-8369,eid-72,10
eid-8370,eid-72,10
eid-8371,eid-72,10
eid-8372,eid-72,10
eid-8373,eid-72,10
eid-8374,eid-72,10
eid-8375,eid-72,10
eid-8376,eid-72,10
eid-8377,eid-72,10
eid-8378,eid-72,10
eid-8379,eid-72,10
eid-8380,eid-72,10
eid-8381,eid-72,10
eid-8382,eid-72,10
eid-8383,eid-72,10
eid-8384,eid-72,10
eid-8385,eid-72,10
eid-8386,eid-72,10
eid-8387,eid-72,10
eid-8388,eid-72,10
eid-8389,eid-72,10
eid-8390,eid-72,10
eid-8391,eid-72,10
eid-8392,eid-72,10
eid-8393,eid-72,10
eid-8394,eid-72,10
eid-8395,eid-72,10
eid-8396,eid-72,10
eid-8397,eid-72,10
eid-8398,eid-72,10
eid-8399,eid-72,10
eid-8400,eid-72,10
eid-8401,eid-72,10
eid-8402,eid-72,10
eid-8403,eid-72,10
eid-8404,eid-72,10
eid-8405,eid-72,10
eid-8406,eid-72,10
eid-8407,eid-72,10
eid-8408,eid-72,10
eid-8409,eid-72,10
eid-8410,eid-72,10
eid-8411,eid-72,10
eid-8412,eid-72,10
eid-8413,eid-72,10
eid-8414,eid-72,10
eid-8415,eid-72,10
eid-8416,eid-72,10
eid-8417,eid-72,10
eid-8418,eid-72,10
eid-8419,eid-72,10
eid-8420,eid-72,10
eid-8421,eid-72,10
eid-8422,eid-72,10
eid-8423,eid-72,10
eid-8424,eid-72,10
eid-8425,eid-72,10
eid-8426,eid-72,10
eid-8427,eid-72,10
eid-54,eid-73,10
eid-56,eid-73,10
eid-74,eid-73,10
eid-75,eid-73,10
eid-76,eid-73,10
eid-78,eid-73,10
eid-80,eid-73,10
eid-82,eid-73,10
eid-86,eid-73,10
eid-89,eid-73,10
eid-91,eid-73,10
eid-93,eid-73,10
eid-99,eid-73,10
eid-131,eid-73,10
eid-136,eid-73,10
eid-140,eid-73,10
eid-149,eid-73,10
eid-150,eid-73,10
eid-155,eid-73,10
eid-156,eid-73,10
eid-164,eid-73,10
eid-172,eid-73,10
eid-173,eid-73,10
eid-174,eid-73,10
eid-178,eid-73,10
eid-183,eid-73,10
eid-188,eid-73,10
eid-198,eid-73,10
eid-200,eid-73,10
eid-215,eid-73,10
eid-223,eid-73,10
eid-227,eid-73,10
eid-246,eid-73,10
eid-277,eid-73,10
eid-279,eid-73,10
eid-286,eid-73,10
eid-308,eid-73,10
eid-331,eid-73,10
eid-342,eid-73,10
eid-358,eid-73,10
eid-385,eid-73,10
eid-386,eid-73,10
eid-441,eid-73,10
eid-443,eid-73,10
eid-449,eid-73,10
eid-458,eid-73,10
eid-461,eid-73,10
eid-462,eid-73,10
eid-481,eid-73,10
eid-502,eid-73,10
eid-516,eid-73,10
eid-520,eid-73,10
eid-543,eid-73,10
eid-572,eid-73,10
eid-644,eid-73,10
eid-677,eid-73,10
eid-686,eid-73,10
eid-695,eid-73,10
eid-696,eid-73,10
eid-878,eid-73,10
eid-888,eid-73,10
eid-898,eid-73,10
eid-901,eid-73,10
eid-925,eid-73,10
eid-936,eid-73,10
eid-1140,eid-73,10
eid-1144,eid-73,10
eid-1365,eid-73,10
eid-1377,eid-73,10
eid-1392,eid-73,10
eid-1393,eid-73,10
eid-1443,eid-73,10
eid-1466,eid-73,10
eid-1504,eid-73,10
eid-1507,eid-73,10
eid-1552,eid-73,10
eid-1586,eid-73,10
eid-1603,eid-73,10
eid-1713,eid-73,10
eid-1817,eid-73,10
eid-1903,eid-73,10
eid-1904,eid-73,10
eid-1923,eid-73,10
eid-1924,eid-73,10
eid-1925,eid-73,10
eid-1926,eid-73,10
eid-1964,eid-73,10
eid-1976,eid-73,10
eid-1989,eid-73,10
eid-1997,eid-73,10
eid-2029,eid-73,10
eid-2047,eid-73,10
eid-2057,eid-73,10
eid-2061,eid-73,10
eid-2142,eid-73,10
eid-2175,eid-73,10
eid-2176,eid-73,10
eid-2458,eid-73,10
eid-2538,eid-73,10
eid-2552,eid-73,10
eid-2561,eid-73,10
eid-2562,eid-73,10
eid-2810,eid-73,10
eid-2816,eid-73,10
eid-2832,eid-73,10
eid-2847,eid-73,10
eid-2883,eid-73,10
eid-2909,eid-73,10
eid-2910,eid-73,10
eid-2911,eid-73,10
eid-2912,eid-73,10
eid-2913,eid-73,10
eid-2914,eid-73,10
eid-2915,eid-73,10
eid-2916,eid-73,10
eid-2917,eid-73,10
eid-2918,eid-73,10
eid-2919,eid-73,10
eid-2920,eid-73,10
eid-2921,eid-73,10
eid-2922,eid-73,10
eid-2923,eid-73,10
eid-2924,eid-73,10
eid-2925,eid-73,10
eid-2926,eid-73,10
eid-2927,eid-73,10
eid-2928,eid-73,10
eid-4,eid-74,10
eid-6,eid-74,10
eid-7,eid-74,10
eid-11,eid-74,10
eid-12,eid-74,10
eid-13,eid-74,10
eid-25,eid-74,10
eid-27,eid-74,10
eid-49,eid-74,10
eid-53,eid-74,10
eid-54,eid-74,10
eid-56,eid-74,10
eid-72,eid-74,10
eid-73,eid-74,10
eid-75,eid-74,10
eid-76,eid-74,10
eid-81,eid-74,10
eid-82,eid-74,10
eid-83,eid-74,10
eid-86,eid-74,10
eid-88,eid-74,10
eid-91,eid-74,10
eid-93,eid-74,10
eid-96,eid-74,10
eid-102,eid-74,10
eid-106,eid-74,10
eid-109,eid-74,10
eid-110,eid-74,10
eid-111,eid-74,10
eid-112,eid-74,10
eid-113,eid-74,10
eid-114,eid-74,10
eid-115,eid-74,10
eid-116,eid-74,10
eid-118,eid-74,10
eid-124,eid-74,10
eid-126,eid-74,10
eid-131,eid-74,10
eid-133,eid-74,10
eid-136,eid-74,10
eid-138,eid-74,10
eid-140,eid-74,10
eid-143,eid-74,10
eid-144,eid-74,10
eid-145,eid-74,10
eid-146,eid-74,10
eid-147,eid-74,10
eid-154,eid-74,10
eid-155,eid-74,10
eid-164,eid-74,10
eid-165,eid-74,10
eid-166,eid-74,10
eid-174,eid-74,10
eid-175,eid-74,10
eid-176,eid-74,10
eid-177,eid-74,10
eid-180,eid-74,10
eid-182,eid-74,10
eid-183,eid-74,10
eid-184,eid-74,10
eid-185,eid-74,10
eid-186,eid-74,10
eid-187,eid-74,10
eid-188,eid-74,10
eid-192,eid-74,10
eid-195,eid-74,10
eid-200,eid-74,10
eid-204,eid-74,10
eid-214,eid-74,10
eid-215,eid-74,10
eid-218,eid-74,10
eid-219,eid-74,10
eid-229,eid-74,10
eid-233,eid-74,10
eid-241,eid-74,10
eid-243,eid-74,10
eid-253,eid-74,10
eid-259,eid-74,10
eid-260,eid-74,10
eid-261,eid-74,10
eid-267,eid-74,10
eid-271,eid-74,10
eid-276,eid-74,10
eid-282,eid-74,10
eid-290,eid-74,10
eid-291,eid-74,10
eid-293,eid-74,10
eid-299,eid-74,10
eid-301,eid-74,10
eid-308,eid-74,10
eid-311,eid-74,10
eid-316,eid-74,10
eid-320,eid-74,10
eid-326,eid-74,10
eid-342,eid-74,10
eid-344,eid-74,10
eid-346,eid-74,10
eid-347,eid-74,10
eid-349,eid-74,10
eid-357,eid-74,10
eid-368,eid-74,10
eid-371,eid-74,10
eid-378,eid-74,10
eid-380,eid-74,10
eid-381,eid-74,10
eid-382,eid-74,10
eid-383,eid-74,10
eid-398,eid-74,10
eid-415,eid-74,10
eid-417,eid-74,10
eid-421,eid-74,10
eid-426,eid-74,10
eid-429,eid-74,10
eid-432,eid-74,10
eid-441,eid-74,10
eid-448,eid-74,10
eid-449,eid-74,10
eid-452,eid-74,10
eid-456,eid-74,10
eid-462,eid-74,10
eid-465,eid-74,10
eid-473,eid-74,10
eid-488,eid-74,10
eid-502,eid-74,10
eid-515,eid-74,10
eid-520,eid-74,10
eid-528,eid-74,10
eid-530,eid-74,10
eid-539,eid-74,10
eid-559,eid-74,10
eid-562,eid-74,10
eid-566,eid-74,10
eid-588,eid-74,10
eid-591,eid-74,10
eid-621,eid-74,10
eid-643,eid-74,10
eid-651,eid-74,10
eid-652,eid-74,10
eid-669,eid-74,10
eid-672,eid-74,10
eid-686,eid-74,10
eid-687,eid-74,10
eid-720,eid-74,10
eid-734,eid-74,10
eid-743,eid-74,10
eid-750,eid-74,10
eid-766,eid-74,10
eid-802,eid-74,10
eid-804,eid-74,10
eid-805,eid-74,10
eid-824,eid-74,10
eid-851,eid-74,10
eid-870,eid-74,10
eid-871,eid-74,10
eid-878,eid-74,10
eid-882,eid-74,10
eid-883,eid-74,10
eid-884,eid-74,10
eid-887,eid-74,10
eid-889,eid-74,10
eid-898,eid-74,10
eid-904,eid-74,10
eid-909,eid-74,10
eid-910,eid-74,10
eid-914,eid-74,10
eid-926,eid-74,10
eid-927,eid-74,10
eid-933,eid-74,10
eid-934,eid-74,10
eid-936,eid-74,10
eid-945,eid-74,10
eid-946,eid-74,10
eid-948,eid-74,10
eid-949,eid-74,10
eid-959,eid-74,10
eid-961,eid-74,10
eid-962,eid-74,10
eid-1053,eid-74,10
eid-1074,eid-74,10
eid-1176,eid-74,10
eid-1185,eid-74,10
eid-1297,eid-74,10
eid-1341,eid-74,10
eid-1371,eid-74,10
eid-1387,eid-74,10
eid-1392,eid-74,10
eid-1395,eid-74,10
eid-1414,eid-74,10
eid-1439,eid-74,10
eid-1466,eid-74,10
eid-1475,eid-74,10
eid-1476,eid-74,10
eid-1507,eid-74,10
eid-1516,eid-74,10
eid-1547,eid-74,10
eid-1552,eid-74,10
eid-1555,eid-74,10
eid-1559,eid-74,10
eid-1562,eid-74,10
eid-1585,eid-74,10
eid-1619,eid-74,10
eid-1672,eid-74,10
eid-1710,eid-74,10
eid-1737,eid-74,10
eid-1765,eid-74,10
eid-1771,eid-74,10
eid-1801,eid-74,10
eid-1821,eid-74,10
eid-1889,eid-74,10
eid-1891,eid-74,10
eid-1910,eid-74,10
eid-1947,eid-74,10
eid-1953,eid-74,10
eid-1971,eid-74,10
eid-1976,eid-74,10
eid-1987,eid-74,10
eid-1993,eid-74,10
eid-1997,eid-74,10
eid-2001,eid-74,10
eid-2007,eid-74,10
eid-2093,eid-74,10
eid-2142,eid-74,10
eid-2189,eid-74,10
eid-2276,eid-74,10
eid-2278,eid-74,10
eid-2591,eid-74,10
eid-2734,eid-74,10
eid-3036,eid-74,10
eid-3102,eid-74,10
eid-3237,eid-74,10
eid-3241,eid-74,10
eid-3604,eid-74,10
eid-3768,eid-74,10
eid-4027,eid-74,10
eid-4155,eid-74,10
eid-4175,eid-74,10
eid-4214,eid-74,10
eid-4227,eid-74,10
eid-4228,eid-74,10
eid-4229,eid-74,10
eid-4490,eid-74,10
eid-5146,eid-74,10
eid-5308,eid-74,10
eid-5498,eid-74,10
eid-5527,eid-74,10
eid-6561,eid-74,10
eid-6668,eid-74,10
eid-7555,eid-74,10
eid-7775,eid-74,10
eid-7784,eid-74,10
eid-7927,eid-74,10
eid-8263,eid-74,10
eid-8264,eid-74,10
eid-8265,eid-74,10
eid-8266,eid-74,10
eid-8267,eid-74,10
eid-8268,eid-74,10
eid-8269,eid-74,10
eid-8270,eid-74,10
eid-8271,eid-74,10
eid-8272,eid-74,10
eid-8273,eid-74,10
eid-8274,eid-74,10
eid-8275,eid-74,10
eid-8276,eid-74,10
eid-8277,eid-74,10
eid-8278,eid-74,10
eid-8279,eid-74,10
eid-8280,eid-74,10
eid-8281,eid-74,10
eid-8282,eid-74,10
eid-8283,eid-74,10
eid-8284,eid-74,10
eid-8285,eid-74,10
eid-8286,eid-74,10
eid-8287,eid-74,10
eid-8288,eid-74,10
eid-8289,eid-74,10
eid-8290,eid-74,10
eid-8291,eid-74,10
eid-8292,eid-74,10
eid-8293,eid-74,10
eid-8294,eid-74,10
eid-8295,eid-74,10
eid-8296,eid-74,10
eid-8297,eid-74,10
eid-8298,eid-74,10
eid-8299,eid-74,10
eid-8300,eid-74,10
eid-8301,eid-74,10
eid-8302,eid-74,10
eid-8303,eid-74,10
eid-8304,eid-74,10
eid-5,eid-75,10
eid-27,eid-75,10
eid-45,eid-75,10
eid-46,eid-75,10
eid-53,eid-75,10
eid-54,eid-75,10
eid-56,eid-75,10
eid-73,eid-75,10
eid-74,eid-75,10
eid-76,eid-75,10
eid-78,eid-75,10
eid-80,eid-75,10
eid-83,eid-75,10
eid-86,eid-75,10
eid-88,eid-75,10
eid-89,eid-75,10
eid-91,eid-75,10
eid-93,eid-75,10
eid-106,eid-75,10
eid-107,eid-75,10
eid-109,eid-75,10
eid-112,eid-75,10
eid-116,eid-75,10
eid-131,eid-75,10
eid-134,eid-75,10
eid-136,eid-75,10
eid-143,eid-75,10
eid-149,eid-75,10
eid-154,eid-75,10
eid-155,eid-75,10
eid-156,eid-75,10
eid-164,eid-75,10
eid-173,eid-75,10
eid-175,eid-75,10
eid-183,eid-75,10
eid-185,eid-75,10
eid-186,eid-75,10
eid-188,eid-75,10
eid-195,eid-75,10
eid-217,eid-75,10
eid-224,eid-75,10
eid-228,eid-75,10
eid-240,eid-75,10
eid-264,eid-75,10
eid-300,eid-75,10
eid-316,eid-75,10
eid-320,eid-75,10
eid-326,eid-75,10
eid-345,eid-75,10
eid-346,eid-75,10
eid-347,eid-75,10
eid-349,eid-75,10
eid-378,eid-75,10
eid-385,eid-75,10
eid-402,eid-75,10
eid-403,eid-75,10
eid-417,eid-75,10
eid-420,eid-75,10
eid-422,eid-75,10
eid-426,eid-75,10
eid-441,eid-75,10
eid-447,eid-75,10
eid-448,eid-75,10
eid-449,eid-75,10
eid-462,eid-75,10
eid-465,eid-75,10
eid-473,eid-75,10
eid-487,eid-75,10
eid-488,eid-75,10
eid-490,eid-75,10
eid-499,eid-75,10
eid-517,eid-75,10
eid-520,eid-75,10
eid-528,eid-75,10
eid-539,eid-75,10
eid-562,eid-75,10
eid-572,eid-75,10
eid-596,eid-75,10
eid-603,eid-75,10
eid-667,eid-75,10
eid-672,eid-75,10
eid-686,eid-75,10
eid-687,eid-75,10
eid-720,eid-75,10
eid-734,eid-75,10
eid-766,eid-75,10
eid-783,eid-75,10
eid-802,eid-75,10
eid-817,eid-75,10
eid-851,eid-75,10
eid-869,eid-75,10
eid-871,eid-75,10
eid-872,eid-75,10
eid-875,eid-75,10
eid-882,eid-75,10
eid-883,eid-75,10
eid-889,eid-75,10
eid-896,eid-75,10
eid-898,eid-75,10
eid-899,eid-75,10
eid-901,eid-75,10
eid-910,eid-75,10
eid-918,eid-75,10
eid-919,eid-75,10
eid-920,eid-75,10
eid-926,eid-75,10
eid-934,eid-75,10
eid-951,eid-75,10
eid-960,eid-75,10
eid-1040,eid-75,10
eid-1053,eid-75,10
eid-1054,eid-75,10
eid-1068,eid-75,10
eid-1099,eid-75,10
eid-1105,eid-75,10
eid-1196,eid-75,10
eid-1202,eid-75,10
eid-1203,eid-75,10
eid-1210,eid-75,10
eid-1228,eid-75,10
eid-1248,eid-75,10
eid-1252,eid-75,10
eid-1271,eid-75,10
eid-1340,eid-75,10
eid-1364,eid-75,10
eid-1365,eid-75,10
eid-1381,eid-75,10
eid-1393,eid-75,10
eid-1415,eid-75,10
eid-1419,eid-75,10
eid-1459,eid-75,10
eid-1471,eid-75,10
eid-1475,eid-75,10
eid-1526,eid-75,10
eid-1528,eid-75,10
eid-1552,eid-75,10
eid-1559,eid-75,10
eid-1560,eid-75,10
eid-1566,eid-75,10
eid-1572,eid-75,10
eid-1574,eid-75,10
eid-1584,eid-75,10
eid-1585,eid-75,10
eid-1603,eid-75,10
eid-1672,eid-75,10
eid-1685,eid-75,10
eid-1760,eid-75,10
eid-1771,eid-75,10
eid-1776,eid-75,10
eid-1821,eid-75,10
eid-1833,eid-75,10
eid-1836,eid-75,10
eid-1853,eid-75,10
eid-1873,eid-75,10
eid-1899,eid-75,10
eid-1902,eid-75,10
eid-1910,eid-75,10
eid-1924,eid-75,10
eid-1925,eid-75,10
eid-1934,eid-75,10
eid-1935,eid-75,10
eid-1937,eid-75,10
eid-1997,eid-75,10
eid-2029,eid-75,10
eid-2056,eid-75,10
eid-2091,eid-75,10
eid-2092,eid-75,10
eid-2175,eid-75,10
eid-2189,eid-75,10
eid-2278,eid-75,10
eid-2323,eid-75,10
eid-2328,eid-75,10
eid-2522,eid-75,10
eid-2529,eid-75,10
eid-2542,eid-75,10
eid-2555,eid-75,10
eid-2729,eid-75,10
eid-2734,eid-75,10
eid-2810,eid-75,10
eid-2816,eid-75,10
eid-2911,eid-75,10
eid-2915,eid-75,10
eid-2919,eid-75,10
eid-2923,eid-75,10
eid-2927,eid-75,10
eid-2980,eid-75,10
eid-3021,eid-75,10
eid-3060,eid-75,10
eid-3187,eid-75,10
eid-3497,eid-75,10
eid-4392,eid-75,10
eid-4396,eid-75,10
eid-4398,eid-75,10
eid-4503,eid-75,10
eid-4572,eid-75,10
eid-4588,eid-75,10
eid-4677,eid-75,10
eid-4801,eid-75,10
eid-4815,eid-75,10
eid-4828,eid-75,10
eid-4952,eid-75,10
eid-5052,eid-75,10
eid-5134,eid-75,10
eid-5146,eid-75,10
eid-5248,eid-75,10
eid-5517,eid-75,10
eid-5696,eid-75,10
eid-5948,eid-75,10
eid-6541,eid-75,10
eid-6584,eid-75,10
eid-6664,eid-75,10
eid-6834,eid-75,10
eid-6991,eid-75,10
eid-7270,eid-75,10
eid-8213,eid-75,10
eid-8580,eid-75,10
eid-8602,eid-75,10
eid-9867,eid-75,10
eid-9868,eid-75,10
eid-9869,eid-75,10
eid-9870,eid-75,10
eid-9871,eid-75,10
eid-9872,eid-75,10
eid-9873,eid-75,10
eid-9874,eid-75,10
eid-9875,eid-75,10
eid-9876,eid-75,10
eid-9877,eid-75,10
eid-9878,eid-75,10
eid-9879,eid-75,10
eid-9880,eid-75,10
eid-9881,eid-75,10
eid-27,eid-76,10
eid-53,eid-76,10
eid-54,eid-76,10
eid-56,eid-76,10
eid-72,eid-76,10
eid-73,eid-76,10
eid-74,eid-76,10
eid-75,eid-76,10
eid-78,eid-76,10
eid-80,eid-76,10
eid-81,eid-76,10
eid-83,eid-76,10
eid-84,eid-76,10
eid-86,eid-76,10
eid-87,eid-76,10
eid-88,eid-76,10
eid-89,eid-76,10
eid-91,eid-76,10
eid-93,eid-76,10
eid-95,eid-76,10
eid-102,eid-76,10
eid-106,eid-76,10
eid-107,eid-76,10
eid-109,eid-76,10
eid-111,eid-76,10
eid-116,eid-76,10
eid-118,eid-76,10
eid-119,eid-76,10
eid-120,eid-76,10
eid-122,eid-76,10
eid-131,eid-76,10
eid-132,eid-76,10
eid-133,eid-76,10
eid-134,eid-76,10
eid-136,eid-76,10
eid-140,eid-76,10
eid-143,eid-76,10
eid-144,eid-76,10
eid-145,eid-76,10
eid-146,eid-76,10
eid-155,eid-76,10
eid-160,eid-76,10
eid-165,eid-76,10
eid-166,eid-76,10
eid-168,eid-76,10
eid-169,eid-76,10
eid-171,eid-76,10
eid-172,eid-76,10
eid-173,eid-76,10
eid-174,eid-76,10
eid-175,eid-76,10
eid-177,eid-76,10
eid-180,eid-76,10
eid-183,eid-76,10
eid-184,eid-76,10
eid-186,eid-76,10
eid-187,eid-76,10
eid-188,eid-76,10
eid-192,eid-76,10
eid-193,eid-76,10
eid-194,eid-76,10
eid-195,eid-76,10
eid-200,eid-76,10
eid-205,eid-76,10
eid-206,eid-76,10
eid-213,eid-76,10
eid-215,eid-76,10
eid-221,eid-76,10
eid-224,eid-76,10
eid-225,eid-76,10
eid-228,eid-76,10
eid-229,eid-76,10
eid-232,eid-76,10
eid-233,eid-76,10
eid-234,eid-76,10
eid-240,eid-76,10
eid-241,eid-76,10
eid-243,eid-76,10
eid-244,eid-76,10
eid-245,eid-76,10
eid-246,eid-76,10
eid-250,eid-76,10
eid-251,eid-76,10
eid-254,eid-76,10
eid-255,eid-76,10
eid-263,eid-76,10
eid-265,eid-76,10
eid-273,eid-76,10
eid-276,eid-76,10
eid-277,eid-76,10
eid-291,eid-76,10
eid-292,eid-76,10
eid-295,eid-76,10
eid-296,eid-76,10
eid-300,eid-76,10
eid-301,eid-76,10
eid-305,eid-76,10
eid-306,eid-76,10
eid-307,eid-76,10
eid-308,eid-76,10
eid-316,eid-76,10
eid-317,eid-76,10
eid-319,eid-76,10
eid-326,eid-76,10
eid-336,eid-76,10
eid-340,eid-76,10
eid-342,eid-76,10
eid-344,eid-76,10
eid-345,eid-76,10
eid-353,eid-76,10
eid-355,eid-76,10
eid-357,eid-76,10
eid-367,eid-76,10
eid-368,eid-76,10
eid-370,eid-76,10
eid-378,eid-76,10
eid-383,eid-76,10
eid-385,eid-76,10
eid-386,eid-76,10
eid-388,eid-76,10
eid-400,eid-76,10
eid-401,eid-76,10
eid-404,eid-76,10
eid-409,eid-76,10
eid-416,eid-76,10
eid-417,eid-76,10
eid-420,eid-76,10
eid-423,eid-76,10
eid-425,eid-76,10
eid-426,eid-76,10
eid-430,eid-76,10
eid-436,eid-76,10
eid-440,eid-76,10
eid-441,eid-76,10
eid-442,eid-76,10
eid-444,eid-76,10
eid-446,eid-76,10
eid-448,eid-76,10
eid-449,eid-76,10
eid-450,eid-76,10
eid-451,eid-76,10
eid-452,eid-76,10
eid-455,eid-76,10
eid-456,eid-76,10
eid-457,eid-76,10
eid-458,eid-76,10
eid-459,eid-76,10
eid-461,eid-76,10
eid-462,eid-76,10
eid-465,eid-76,10
eid-466,eid-76,10
eid-468,eid-76,10
eid-470,eid-76,10
eid-471,eid-76,10
eid-473,eid-76,10
eid-475,eid-76,10
eid-477,eid-76,10
eid-478,eid-76,10
eid-479,eid-76,10
eid-480,eid-76,10
eid-481,eid-76,10
eid-483,eid-76,10
eid-484,eid-76,10
eid-485,eid-76,10
eid-487,eid-76,10
eid-488,eid-76,10
eid-489,eid-76,10
eid-490,eid-76,10
eid-492,eid-76,10
eid-493,eid-76,10
eid-495,eid-76,10
eid-497,eid-76,10
eid-498,eid-76,10
eid-499,eid-76,10
eid-503,eid-76,10
eid-504,eid-76,10
eid-508,eid-76,10
eid-509,eid-76,10
eid-512,eid-76,10
eid-513,eid-76,10
eid-515,eid-76,10
eid-516,eid-76,10
eid-517,eid-76,10
eid-518,eid-76,10
eid-519,eid-76,10
eid-520,eid-76,10
eid-522,eid-76,10
eid-523,eid-76,10
eid-525,eid-76,10
eid-526,eid-76,10
eid-527,eid-76,10
eid-528,eid-76,10
eid-531,eid-76,10
eid-535,eid-76,10
eid-536,eid-76,10
eid-537,eid-76,10
eid-538,eid-76,10
eid-539,eid-76,10
eid-540,eid-76,10
eid-545,eid-76,10
eid-548,eid-76,10
eid-549,eid-76,10
eid-550,eid-76,10
eid-556,eid-76,10
eid-559,eid-76,10
eid-560,eid-76,10
eid-561,eid-76,10
eid-562,eid-76,10
eid-563,eid-76,10
eid-564,eid-76,10
eid-566,eid-76,10
eid-568,eid-76,10
eid-570,eid-76,10
eid-572,eid-76,10
eid-575,eid-76,10
eid-576,eid-76,10
eid-579,eid-76,10
eid-582,eid-76,10
eid-585,eid-76,10
eid-586,eid-76,10
eid-588,eid-76,10
eid-589,eid-76,10
eid-591,eid-76,10
eid-592,eid-76,10
eid-595,eid-76,10
eid-596,eid-76,10
eid-599,eid-76,10
eid-602,eid-76,10
eid-604,eid-76,10
eid-610,eid-76,10
eid-611,eid-76,10
eid-612,eid-76,10
eid-613,eid-76,10
eid-614,eid-76,10
eid-620,eid-76,10
eid-622,eid-76,10
eid-624,eid-76,10
eid-625,eid-76,10
eid-626,eid-76,10
eid-630,eid-76,10
eid-631,eid-76,10
eid-632,eid-76,10
eid-633,eid-76,10
eid-642,eid-76,10
eid-643,eid-76,10
eid-644,eid-76,10
eid-645,eid-76,10
eid-651,eid-76,10
eid-652,eid-76,10
eid-653,eid-76,10
eid-657,eid-76,10
eid-659,eid-76,10
eid-661,eid-76,10
eid-662,eid-76,10
eid-663,eid-76,10
eid-664,eid-76,10
eid-665,eid-76,10
eid-666,eid-76,10
eid-667,eid-76,10
eid-670,eid-76,10
eid-672,eid-76,10
eid-673,eid-76,10
eid-674,eid-76,10
eid-676,eid-76,10
eid-678,eid-76,10
eid-680,eid-76,10
eid-681,eid-76,10
eid-684,eid-76,10
eid-685,eid-76,10
eid-686,eid-76,10
eid-687,eid-76,10
eid-688,eid-76,10
eid-692,eid-76,10
eid-693,eid-76,10
eid-694,eid-76,10
eid-695,eid-76,10
eid-696,eid-76,10
eid-700,eid-76,10
eid-703,eid-76,10
eid-715,eid-76,10
eid-716,eid-76,10
eid-721,eid-76,10
eid-723,eid-76,10
eid-727,eid-76,10
eid-733,eid-76,10
eid-734,eid-76,10
eid-740,eid-76,10
eid-743,eid-76,10
eid-744,eid-76,10
eid-749,eid-76,10
eid-750,eid-76,10
eid-752,eid-76,10
eid-753,eid-76,10
eid-754,eid-76,10
eid-755,eid-76,10
eid-756,eid-76,10
eid-759,eid-76,10
eid-762,eid-76,10
eid-764,eid-76,10
eid-766,eid-76,10
eid-768,eid-76,10
eid-771,eid-76,10
eid-772,eid-76,10
eid-778,eid-76,10
eid-780,eid-76,10
eid-782,eid-76,10
eid-783,eid-76,10
eid-784,eid-76,10
eid-792,eid-76,10
eid-793,eid-76,10
eid-800,eid-76,10
eid-802,eid-76,10
eid-804,eid-76,10
eid-805,eid-76,10
eid-806,eid-76,10
eid-813,eid-76,10
eid-815,eid-76,10
eid-816,eid-76,10
eid-817,eid-76,10
eid-818,eid-76,10
eid-820,eid-76,10
eid-824,eid-76,10
eid-825,eid-76,10
eid-828,eid-76,10
eid-833,eid-76,10
eid-836,eid-76,10
eid-842,eid-76,10
eid-851,eid-76,10
eid-853,eid-76,10
eid-859,eid-76,10
eid-871,eid-76,10
eid-873,eid-76,10
eid-875,eid-76,10
eid-878,eid-76,10
eid-879,eid-76,10
eid-882,eid-76,10
eid-884,eid-76,10
eid-889,eid-76,10
eid-892,eid-76,10
eid-899,eid-76,10
eid-906,eid-76,10
eid-910,eid-76,10
eid-919,eid-76,10
eid-925,eid-76,10
eid-933,eid-76,10
eid-934,eid-76,10
eid-937,eid-76,10
eid-943,eid-76,10
eid-948,eid-76,10
eid-949,eid-76,10
eid-1042,eid-76,10
eid-1049,eid-76,10
eid-1053,eid-76,10
eid-1055,eid-76,10
eid-1070,eid-76,10
eid-1076,eid-76,10
eid-1078,eid-76,10
eid-1081,eid-76,10
eid-1092,eid-76,10
eid-1097,eid-76,10
eid-1099,eid-76,10
eid-1105,eid-76,10
eid-1133,eid-76,10
eid-1135,eid-76,10
eid-1136,eid-76,10
eid-1139,eid-76,10
eid-1159,eid-76,10
eid-1162,eid-76,10
eid-1169,eid-76,10
eid-1183,eid-76,10
eid-1185,eid-76,10
eid-1193,eid-76,10
eid-1196,eid-76,10
eid-1202,eid-76,10
eid-1208,eid-76,10
eid-1214,eid-76,10
eid-1252,eid-76,10
eid-1297,eid-76,10
eid-1298,eid-76,10
eid-1299,eid-76,10
eid-1302,eid-76,10
eid-1306,eid-76,10
eid-1318,eid-76,10
eid-1325,eid-76,10
eid-1333,eid-76,10
eid-1334,eid-76,10
eid-1335,eid-76,10
eid-1339,eid-76,10
eid-1340,eid-76,10
eid-1354,eid-76,10
eid-1355,eid-76,10
eid-1357,eid-76,10
eid-1358,eid-76,10
eid-1359,eid-76,10
eid-1360,eid-76,10
eid-1361,eid-76,10
eid-1362,eid-76,10
eid-1363,eid-76,10
eid-1364,eid-76,10
eid-1365,eid-76,10
eid-1366,eid-76,10
eid-1367,eid-76,10
eid-1368,eid-76,10
eid-1369,eid-76,10
eid-1370,eid-76,10
eid-1371,eid-76,10
eid-1372,eid-76,10
eid-1373,eid-76,10
eid-1374,eid-76,10
eid-1375,eid-76,10
eid-1376,eid-76,10
eid-1377,eid-76,10
eid-1378,eid-76,10
eid-1379,eid-76,10
eid-1380,eid-76,10
eid-1381,eid-76,10
eid-1382,eid-76,10
eid-1383,eid-76,10
eid-1384,eid-76,10
eid-1385,eid-76,10
eid-1386,eid-76,10
eid-1387,eid-76,10
eid-1388,eid-76,10
eid-1389,eid-76,10
eid-1390,eid-76,10
eid-1391,eid-76,10
eid-1392,eid-76,10
eid-1393,eid-76,10
eid-1394,eid-76,10
eid-1395,eid-76,10
eid-1396,eid-76,10
eid-1397,eid-76,10
eid-1398,eid-76,10
eid-1399,eid-76,10
eid-1400,eid-76,10
eid-1401,eid-76,10
eid-1402,eid-76,10
eid-1403,eid-76,10
eid-1404,eid-76,10
eid-1405,eid-76,10
eid-1406,eid-76,10
eid-1407,eid-76,10
eid-1408,eid-76,10
eid-1409,eid-76,10
eid-1410,eid-76,10
eid-1411,eid-76,10
eid-1412,eid-76,10
eid-1413,eid-76,10
eid-1414,eid-76,10
eid-1415,eid-76,10
eid-1416,eid-76,10
eid-1417,eid-76,10
eid-1418,eid-76,10
eid-1419,eid-76,10
eid-1420,eid-76,10
eid-1421,eid-76,10
eid-1422,eid-76,10
eid-1423,eid-76,10
eid-1424,eid-76,10
eid-1425,eid-76,10
eid-1426,eid-76,10
eid-1427,eid-76,10
eid-1428,eid-76,10
eid-1429,eid-76,10
eid-1430,eid-76,10
eid-1431,eid-76,10
eid-1432,eid-76,10
eid-1433,eid-76,10
eid-1434,eid-76,10
eid-1435,eid-76,10
eid-1436,eid-76,10
eid-1437,eid-76,10
eid-1438,eid-76,10
eid-1439,eid-76,10
eid-1440,eid-76,10
eid-1441,eid-76,10
eid-1442,eid-76,10
eid-1443,eid-76,10
eid-1444,eid-76,10
eid-1445,eid-76,10
eid-1446,eid-76,10
eid-1447,eid-76,10
eid-1448,eid-76,10
eid-1449,eid-76,10
eid-1450,eid-76,10
eid-1451,eid-76,10
eid-1452,eid-76,10
eid-1453,eid-76,10
eid-1454,eid-76,10
eid-1455,eid-76,10
eid-1456,eid-76,10
eid-1457,eid-76,10
eid-1458,eid-76,10
eid-1459,eid-76,10
eid-1460,eid-76,10
eid-1461,eid-76,10
eid-1462,eid-76,10
eid-1463,eid-76,10
eid-1464,eid-76,10
eid-1465,eid-76,10
eid-1466,eid-76,10
eid-1467,eid-76,10
eid-1468,eid-76,10
eid-1469,eid-76,10
eid-1470,eid-76,10
eid-1471,eid-76,10
eid-1472,eid-76,10
eid-1473,eid-76,10
eid-1474,eid-76,10
eid-1475,eid-76,10
eid-1476,eid-76,10
eid-1477,eid-76,10
eid-1478,eid-76,10
eid-1479,eid-76,10
eid-1480,eid-76,10
eid-1481,eid-76,10
eid-1482,eid-76,10
eid-1483,eid-76,10
eid-1484,eid-76,10
eid-1485,eid-76,10
eid-1486,eid-76,10
eid-1487,eid-76,10
eid-1488,eid-76,10
eid-1489,eid-76,10
eid-1490,eid-76,10
eid-1491,eid-76,10
eid-1492,eid-76,10
eid-1493,eid-76,10
eid-1494,eid-76,10
eid-1495,eid-76,10
eid-1496,eid-76,10
eid-1497,eid-76,10
eid-1498,eid-76,10
eid-1499,eid-76,10
eid-1500,eid-76,10
eid-1501,eid-76,10
eid-1502,eid-76,10
eid-1503,eid-76,10
eid-1504,eid-76,10
eid-1505,eid-76,10
eid-1506,eid-76,10
eid-1507,eid-76,10
eid-1508,eid-76,10
eid-1509,eid-76,10
eid-1510,eid-76,10
eid-1511,eid-76,10
eid-1512,eid-76,10
eid-1513,eid-76,10
eid-1514,eid-76,10
eid-1515,eid-76,10
eid-1516,eid-76,10
eid-1517,eid-76,10
eid-1518,eid-76,10
eid-1519,eid-76,10
eid-1520,eid-76,10
eid-1521,eid-76,10
eid-1522,eid-76,10
eid-1523,eid-76,10
eid-1524,eid-76,10
eid-1525,eid-76,10
eid-1526,eid-76,10
eid-1527,eid-76,10
eid-1528,eid-76,10
eid-1529,eid-76,10
eid-1530,eid-76,10
eid-1531,eid-76,10
eid-1532,eid-76,10
eid-1533,eid-76,10
eid-1534,eid-76,10
eid-1535,eid-76,10
eid-1536,eid-76,10
eid-1537,eid-76,10
eid-1538,eid-76,10
eid-1539,eid-76,10
eid-1540,eid-76,10
eid-1541,eid-76,10
eid-1542,eid-76,10
eid-1543,eid-76,10
eid-1544,eid-76,10
eid-1545,eid-76,10
eid-1546,eid-76,10
eid-1547,eid-76,10
eid-1548,eid-76,10
eid-1549,eid-76,10
eid-1550,eid-76,10
eid-1551,eid-76,10
eid-1552,eid-76,10
eid-1553,eid-76,10
eid-1554,eid-76,10
eid-1555,eid-76,10
eid-1556,eid-76,10
eid-1557,eid-76,10
eid-1558,eid-76,10
eid-1559,eid-76,10
eid-1560,eid-76,10
eid-1561,eid-76,10
eid-1562,eid-76,10
eid-1563,eid-76,10
eid-1564,eid-76,10
eid-1565,eid-76,10
eid-1566,eid-76,10
eid-1567,eid-76,10
eid-1568,eid-76,10
eid-1569,eid-76,10
eid-1570,eid-76,10
eid-1571,eid-76,10
eid-1572,eid-76,10
eid-1573,eid-76,10
eid-1574,eid-76,10
eid-1575,eid-76,10
eid-1576,eid-76,10
eid-1577,eid-76,10
eid-1578,eid-76,10
eid-1579,eid-76,10
eid-1580,eid-76,10
eid-1581,eid-76,10
eid-1582,eid-76,10
eid-1583,eid-76,10
eid-1584,eid-76,10
eid-1585,eid-76,10
eid-1586,eid-76,10
eid-1587,eid-76,10
eid-1588,eid-76,10
eid-1589,eid-76,10
eid-1590,eid-76,10
eid-1591,eid-76,10
eid-1592,eid-76,10
eid-1593,eid-76,10
eid-1594,eid-76,10
eid-1595,eid-76,10
eid-1596,eid-76,10
eid-1597,eid-76,10
eid-1598,eid-76,10
eid-1599,eid-76,10
eid-1600,eid-76,10
eid-1601,eid-76,10
eid-1602,eid-76,10
eid-1603,eid-76,10
eid-1604,eid-76,10
eid-1605,eid-76,10
eid-1606,eid-76,10
eid-1607,eid-76,10
eid-1608,eid-76,10
eid-1609,eid-76,10
eid-1610,eid-76,10
eid-1611,eid-76,10
eid-1612,eid-76,10
eid-1613,eid-76,10
eid-1614,eid-76,10
eid-1615,eid-76,10
eid-1616,eid-76,10
eid-1617,eid-76,10
eid-1618,eid-76,10
eid-1619,eid-76,10
eid-1620,eid-76,10
eid-1621,eid-76,10
eid-1622,eid-76,10
eid-1623,eid-76,10
eid-1624,eid-76,10
eid-1625,eid-76,10
eid-1626,eid-76,10
eid-1627,eid-76,10
eid-1628,eid-76,10
eid-1629,eid-76,10
eid-1630,eid-76,10
eid-1631,eid-76,10
eid-1632,eid-76,10
eid-1633,eid-76,10
eid-1634,eid-76,10
eid-1635,eid-76,10
eid-1636,eid-76,10
eid-1637,eid-76,10
eid-1638,eid-76,10
eid-1639,eid-76,10
eid-1640,eid-76,10
eid-1641,eid-76,10
eid-1642,eid-76,10
eid-1643,eid-76,10
eid-1644,eid-76,10
eid-1645,eid-76,10
eid-1646,eid-76,10
eid-1647,eid-76,10
eid-1648,eid-76,10
eid-1649,eid-76,10
eid-1650,eid-76,10
eid-1651,eid-76,10
eid-1652,eid-76,10
eid-1653,eid-76,10
eid-1654,eid-76,10
eid-1655,eid-76,10
eid-1656,eid-76,10
eid-1657,eid-76,10
eid-1658,eid-76,10
eid-1659,eid-76,10
eid-1660,eid-76,10
eid-1661,eid-76,10
eid-1662,eid-76,10
eid-1663,eid-76,10
eid-1664,eid-76,10
eid-1665,eid-76,10
eid-1666,eid-76,10
eid-1667,eid-76,10
eid-1668,eid-76,10
eid-1669,eid-76,10
eid-1670,eid-76,10
eid-1671,eid-76,10
eid-1672,eid-76,10
eid-1673,eid-76,10
eid-1674,eid-76,10
eid-1675,eid-76,10
eid-1676,eid-76,10
eid-1677,eid-76,10
eid-1678,eid-76,10
eid-1679,eid-76,10
eid-1680,eid-76,10
eid-1681,eid-76,10
eid-1682,eid-76,10
eid-1683,eid-76,10
eid-1684,eid-76,10
eid-1685,eid-76,10
eid-1686,eid-76,10
eid-1687,eid-76,10
eid-1688,eid-76,10
eid-1689,eid-76,10
eid-1690,eid-76,10
eid-1691,eid-76,10
eid-1692,eid-76,10
eid-1693,eid-76,10
eid-1694,eid-76,10
eid-1695,eid-76,10
eid-1696,eid-76,10
eid-1697,eid-76,10
eid-1698,eid-76,10
eid-1699,eid-76,10
eid-1700,eid-76,10
eid-1701,eid-76,10
eid-1702,eid-76,10
eid-1703,eid-76,10
eid-1704,eid-76,10
eid-1705,eid-76,10
eid-1706,eid-76,10
eid-1707,eid-76,10
eid-1708,eid-76,10
eid-1709,eid-76,10
eid-1710,eid-76,10
eid-1711,eid-76,10
eid-1712,eid-76,10
eid-1713,eid-76,10
eid-1714,eid-76,10
eid-1715,eid-76,10
eid-1716,eid-76,10
eid-1717,eid-76,10
eid-1718,eid-76,10
eid-1719,eid-76,10
eid-1720,eid-76,10
eid-1721,eid-76,10
eid-1722,eid-76,10
eid-1723,eid-76,10
eid-1724,eid-76,10
eid-1725,eid-76,10
eid-1726,eid-76,10
eid-1727,eid-76,10
eid-1728,eid-76,10
eid-1729,eid-76,10
eid-1730,eid-76,10
eid-1731,eid-76,10
eid-1732,eid-76,10
eid-1733,eid-76,10
eid-1734,eid-76,10
eid-1735,eid-76,10
eid-1736,eid-76,10
eid-1737,eid-76,10
eid-1738,eid-76,10
eid-1739,eid-76,10
eid-1740,eid-76,10
eid-1741,eid-76,10
eid-1742,eid-76,10
eid-1743,eid-76,10
eid-1744,eid-76,10
eid-1745,eid-76,10
eid-1746,eid-76,10
eid-1747,eid-76,10
eid-1748,eid-76,10
eid-1749,eid-76,10
eid-1750,eid-76,10
eid-1751,eid-76,10
eid-1752,eid-76,10
eid-1753,eid-76,10
eid-1754,eid-76,10
eid-1755,eid-76,10
eid-1756,eid-76,10
eid-1757,eid-76,10
eid-1758,eid-76,10
eid-1759,eid-76,10
eid-1760,eid-76,10
eid-1761,eid-76,10
eid-1762,eid-76,10
eid-1763,eid-76,10
eid-1764,eid-76,10
eid-1765,eid-76,10
eid-1766,eid-76,10
eid-1767,eid-76,10
eid-1768,eid-76,10
eid-1769,eid-76,10
eid-1770,eid-76,10
eid-1771,eid-76,10
eid-1772,eid-76,10
eid-1773,eid-76,10
eid-1774,eid-76,10
eid-1775,eid-76,10
eid-1776,eid-76,10
eid-1777,eid-76,10
eid-1778,eid-76,10
eid-1779,eid-76,10
eid-1780,eid-76,10
eid-54,eid-77,10
eid-72,eid-77,10
eid-95,eid-77,10
eid-1528,eid-77,10
eid-13,eid-78,10
eid-21,eid-78,10
eid-53,eid-78,10
eid-54,eid-78,10
eid-56,eid-78,10
eid-73,eid-78,10
eid-75,eid-78,10
eid-76,eid-78,10
eid-79,eid-78,10
eid-82,eid-78,10
eid-83,eid-78,10
eid-86,eid-78,10
eid-87,eid-78,10
eid-90,eid-78,10
eid-92,eid-78,10
eid-93,eid-78,10
eid-101,eid-78,10
eid-102,eid-78,10
eid-106,eid-78,10
eid-107,eid-78,10
eid-111,eid-78,10
eid-114,eid-78,10
eid-115,eid-78,10
eid-121,eid-78,10
eid-122,eid-78,10
eid-125,eid-78,10
eid-127,eid-78,10
eid-131,eid-78,10
eid-134,eid-78,10
eid-136,eid-78,10
eid-138,eid-78,10
eid-140,eid-78,10
eid-143,eid-78,10
eid-146,eid-78,10
eid-155,eid-78,10
eid-156,eid-78,10
eid-164,eid-78,10
eid-165,eid-78,10
eid-166,eid-78,10
eid-168,eid-78,10
eid-171,eid-78,10
eid-172,eid-78,10
eid-173,eid-78,10
eid-174,eid-78,10
eid-175,eid-78,10
eid-176,eid-78,10
eid-177,eid-78,10
eid-178,eid-78,10
eid-179,eid-78,10
eid-180,eid-78,10
eid-181,eid-78,10
eid-182,eid-78,10
eid-183,eid-78,10
eid-184,eid-78,10
eid-185,eid-78,10
eid-186,eid-78,10
eid-187,eid-78,10
eid-188,eid-78,10
eid-189,eid-78,10
eid-190,eid-78,10
eid-191,eid-78,10
eid-192,eid-78,10
eid-193,eid-78,10
eid-194,eid-78,10
eid-195,eid-78,10
eid-196,eid-78,10
eid-197,eid-78,10
eid-198,eid-78,10
eid-199,eid-78,10
eid-200,eid-78,10
eid-201,eid-78,10
eid-202,eid-78,10
eid-203,eid-78,10
eid-204,eid-78,10
eid-205,eid-78,10
eid-206,eid-78,10
eid-207,eid-78,10
eid-208,eid-78,10
eid-209,eid-78,10
eid-210,eid-78,10
eid-211,eid-78,10
eid-212,eid-78,10
eid-213,eid-78,10
eid-214,eid-78,10
eid-215,eid-78,10
eid-216,eid-78,10
eid-217,eid-78,10
eid-218,eid-78,10
eid-219,eid-78,10
eid-220,eid-78,10
eid-221,eid-78,10
eid-222,eid-78,10
eid-223,eid-78,10
eid-224,eid-78,10
eid-225,eid-78,10
eid-226,eid-78,10
eid-227,eid-78,10
eid-228,eid-78,10
eid-229,eid-78,10
eid-230,eid-78,10
eid-231,eid-78,10
eid-232,eid-78,10
eid-233,eid-78,10
eid-234,eid-78,10
eid-235,eid-78,10
eid-236,eid-78,10
eid-237,eid-78,10
eid-238,eid-78,10
eid-239,eid-78,10
eid-240,eid-78,10
eid-241,eid-78,10
eid-242,eid-78,10
eid-243,eid-78,10
eid-244,eid-78,10
eid-245,eid-78,10
eid-246,eid-78,10
eid-247,eid-78,10
eid-248,eid-78,10
eid-249,eid-78,10
eid-250,eid-78,10
eid-251,eid-78,10
eid-252,eid-78,10
eid-253,eid-78,10
eid-254,eid-78,10
eid-255,eid-78,10
eid-256,eid-78,10
eid-257,eid-78,10
eid-258,eid-78,10
eid-259,eid-78,10
eid-260,eid-78,10
eid-261,eid-78,10
eid-262,eid-78,10
eid-263,eid-78,10
eid-264,eid-78,10
eid-265,eid-78,10
eid-266,eid-78,10
eid-267,eid-78,10
eid-268,eid-78,10
eid-269,eid-78,10
eid-270,eid-78,10
eid-271,eid-78,10
eid-272,eid-78,10
eid-273,eid-78,10
eid-274,eid-78,10
eid-275,eid-78,10
eid-276,eid-78,10
eid-277,eid-78,10
eid-278,eid-78,10
eid-279,eid-78,10
eid-280,eid-78,10
eid-281,eid-78,10
eid-282,eid-78,10
eid-283,eid-78,10
eid-284,eid-78,10
eid-285,eid-78,10
eid-286,eid-78,10
eid-287,eid-78,10
eid-288,eid-78,10
eid-289,eid-78,10
eid-290,eid-78,10
eid-291,eid-78,10
eid-292,eid-78,10
eid-293,eid-78,10
eid-294,eid-78,10
eid-295,eid-78,10
eid-296,eid-78,10
eid-297,eid-78,10
eid-298,eid-78,10
eid-299,eid-78,10
eid-300,eid-78,10
eid-301,eid-78,10
eid-302,eid-78,10
eid-303,eid-78,10
eid-304,eid-78,10
eid-305,eid-78,10
eid-306,eid-78,10
eid-307,eid-78,10
eid-308,eid-78,10
eid-309,eid-78,10
eid-310,eid-78,10
eid-311,eid-78,10
eid-312,eid-78,10
eid-313,eid-78,10
eid-314,eid-78,10
eid-315,eid-78,10
eid-316,eid-78,10
eid-317,eid-78,10
eid-318,eid-78,10
eid-319,eid-78,10
eid-320,eid-78,10
eid-321,eid-78,10
eid-322,eid-78,10
eid-323,eid-78,10
eid-324,eid-78,10
eid-325,eid-78,10
eid-326,eid-78,10
eid-327,eid-78,10
eid-328,eid-78,10
eid-329,eid-78,10
eid-330,eid-78,10
eid-331,eid-78,10
eid-332,eid-78,10
eid-333,eid-78,10
eid-334,eid-78,10
eid-335,eid-78,10
eid-336,eid-78,10
eid-337,eid-78,10
eid-338,eid-78,10
eid-339,eid-78,10
eid-340,eid-78,10
eid-341,eid-78,10
eid-342,eid-78,10
eid-343,eid-78,10
eid-344,eid-78,10
eid-345,eid-78,10
eid-346,eid-78,10
eid-347,eid-78,10
eid-348,eid-78,10
eid-349,eid-78,10
eid-350,eid-78,10
eid-351,eid-78,10
eid-352,eid-78,10
eid-353,eid-78,10
eid-354,eid-78,10
eid-355,eid-78,10
eid-356,eid-78,10
eid-357,eid-78,10
eid-358,eid-78,10
eid-359,eid-78,10
eid-360,eid-78,10
eid-361,eid-78,10
eid-362,eid-78,10
eid-363,eid-78,10
eid-364,eid-78,10
eid-365,eid-78,10
eid-366,eid-78,10
eid-367,eid-78,10
eid-368,eid-78,10
eid-369,eid-78,10
eid-370,eid-78,10
eid-371,eid-78,10
eid-372,eid-78,10
eid-373,eid-78,10
eid-374,eid-78,10
eid-375,eid-78,10
eid-376,eid-78,10
eid-377,eid-78,10
eid-378,eid-78,10
eid-379,eid-78,10
eid-380,eid-78,10
eid-381,eid-78,10
eid-382,eid-78,10
eid-383,eid-78,10
eid-384,eid-78,10
eid-385,eid-78,10
eid-386,eid-78,10
eid-387,eid-78,10
eid-388,eid-78,10
eid-389,eid-78,10
eid-390,eid-78,10
eid-391,eid-78,10
eid-392,eid-78,10
eid-393,eid-78,10
eid-394,eid-78,10
eid-395,eid-78,10
eid-396,eid-78,10
eid-397,eid-78,10
eid-398,eid-78,10
eid-399,eid-78,10
eid-400,eid-78,10
eid-401,eid-78,10
eid-402,eid-78,10
eid-403,eid-78,10
eid-404,eid-78,10
eid-405,eid-78,10
eid-406,eid-78,10
eid-407,eid-78,10
eid-408,eid-78,10
eid-409,eid-78,10
eid-410,eid-78,10
eid-411,eid-78,10
eid-412,eid-78,10
eid-413,eid-78,10
eid-414,eid-78,10
eid-415,eid-78,10
eid-416,eid-78,10
eid-417,eid-78,10
eid-418,eid-78,10
eid-419,eid-78,10
eid-420,eid-78,10
eid-421,eid-78,10
eid-422,eid-78,10
eid-423,eid-78,10
eid-424,eid-78,10
eid-425,eid-78,10
eid-426,eid-78,10
eid-427,eid-78,10
eid-428,eid-78,10
eid-429,eid-78,10
eid-430,eid-78,10
eid-431,eid-78,10
eid-432,eid-78,10
eid-433,eid-78,10
eid-434,eid-78,10
eid-435,eid-78,10
eid-436,eid-78,10
eid-437,eid-78,10
eid-438,eid-78,10
eid-439,eid-78,10
eid-440,eid-78,10
eid-441,eid-78,10
eid-442,eid-78,10
eid-443,eid-78,10
eid-444,eid-78,10
eid-445,eid-78,10
eid-446,eid-78,10
eid-447,eid-78,10
eid-448,eid-78,10
eid-449,eid-78,10
eid-450,eid-78,10
eid-451,eid-78,10
eid-452,eid-78,10
eid-453,eid-78,10
eid-454,eid-78,10
eid-455,eid-78,10
eid-456,eid-78,10
eid-457,eid-78,10
eid-458,eid-78,10
eid-459,eid-78,10
eid-460,eid-78,10
eid-461,eid-78,10
eid-462,eid-78,10
eid-463,eid-78,10
eid-464,eid-78,10
eid-465,eid-78,10
eid-466,eid-78,10
eid-467,eid-78,10
eid-468,eid-78,10
eid-469,eid-78,10
eid-53,eid-79,10
eid-54,eid-79,10
eid-56,eid-79,10
eid-78,eid-79,10
eid-83,eid-79,10
eid-88,eid-79,10
eid-97,eid-79,10
eid-101,eid-79,10
eid-102,eid-79,10
eid-106,eid-79,10
eid-108,eid-79,10
eid-114,eid-79,10
eid-121,eid-79,10
eid-138,eid-79,10
eid-140,eid-79,10
eid-164,eid-79,10
eid-165,eid-79,10
eid-168,eid-79,10
eid-180,eid-79,10
eid-200,eid-79,10
eid-207,eid-79,10
eid-239,eid-79,10
eid-240,eid-79,10
eid-241,eid-79,10
eid-243,eid-79,10
eid-245,eid-79,10
eid-255,eid-79,10
eid-263,eid-79,10
eid-264,eid-79,10
eid-265,eid-79,10
eid-277,eid-79,10
eid-289,eid-79,10
eid-292,eid-79,10
eid-317,eid-79,10
eid-340,eid-79,10
eid-360,eid-79,10
eid-377,eid-79,10
eid-378,eid-79,10
eid-384,eid-79,10
eid-391,eid-79,10
eid-393,eid-79,10
eid-398,eid-79,10
eid-425,eid-79,10
eid-436,eid-79,10
eid-439,eid-79,10
eid-685,eid-79,10
eid-878,eid-79,10
eid-886,eid-79,10
eid-902,eid-79,10
eid-918,eid-79,10
eid-940,eid-79,10
eid-1071,eid-79,10
eid-1074,eid-79,10
eid-1158,eid-79,10
eid-1195,eid-79,10
eid-1802,eid-79,10
eid-1891,eid-79,10
eid-1893,eid-79,10
eid-1906,eid-79,10
eid-1907,eid-79,10
eid-1916,eid-79,10
eid-1926,eid-79,10
eid-1951,eid-79,10
eid-2004,eid-79,10
eid-2013,eid-79,10
eid-2070,eid-79,10
eid-2106,eid-79,10
eid-2323,eid-79,10
eid-2328,eid-79,10
eid-2419,eid-79,10
eid-2750,eid-79,10
eid-2799,eid-79,10
eid-2994,eid-79,10
eid-3216,eid-79,10
eid-3669,eid-79,10
eid-3743,eid-79,10
eid-4108,eid-79,10
eid-4182,eid-79,10
eid-4402,eid-79,10
eid-4403,eid-79,10
eid-4404,eid-79,10
eid-4405,eid-79,10
eid-4406,eid-79,10
eid-4407,eid-79,10
eid-4408,eid-79,10
eid-4409,eid-79,10
eid-4410,eid-79,10
eid-4411,eid-79,10
eid-4412,eid-79,10
eid-4413,eid-79,10
eid-4414,eid-79,10
eid-4415,eid-79,10
eid-4416,eid-79,10
eid-4417,eid-79,10
eid-4418,eid-79,10
eid-4419,eid-79,10
eid-4420,eid-79,10
eid-4421,eid-79,10
eid-4422,eid-79,10
eid-4423,eid-79,10
eid-4424,eid-79,10
eid-4425,eid-79,10
eid-4426,eid-79,10
eid-4427,eid-79,10
eid-4428,eid-79,10
eid-4429,eid-79,10
eid-4430,eid-79,10
eid-4431,eid-79,10
eid-4432,eid-79,10
eid-4433,eid-79,10
eid-4434,eid-79,10
eid-4435,eid-79,10
eid-4436,eid-79,10
eid-4437,eid-79,10
eid-4438,eid-79,10
eid-4439,eid-79,10
eid-4440,eid-79,10
eid-4441,eid-79,10
eid-4442,eid-79,10
eid-46,eid-80,10
eid-53,eid-80,10
eid-54,eid-80,10
eid-56,eid-80,10
eid-73,eid-80,10
eid-75,eid-80,10
eid-76,eid-80,10
eid-83,eid-80,10
eid-84,eid-80,10
eid-85,eid-80,10
eid-86,eid-80,10
eid-87,eid-80,10
eid-88,eid-80,10
eid-89,eid-80,10
eid-91,eid-80,10
eid-101,eid-80,10
eid-106,eid-80,10
eid-107,eid-80,10
eid-114,eid-80,10
eid-119,eid-80,10
eid-120,eid-80,10
eid-121,eid-80,10
eid-132,eid-80,10
eid-134,eid-80,10
eid-143,eid-80,10
eid-145,eid-80,10
eid-151,eid-80,10
eid-153,eid-80,10
eid-154,eid-80,10
eid-166,eid-80,10
eid-169,eid-80,10
eid-200,eid-80,10
eid-215,eid-80,10
eid-244,eid-80,10
eid-269,eid-80,10
eid-280,eid-80,10
eid-316,eid-80,10
eid-331,eid-80,10
eid-355,eid-80,10
eid-357,eid-80,10
eid-378,eid-80,10
eid-388,eid-80,10
eid-461,eid-80,10
eid-462,eid-80,10
eid-466,eid-80,10
eid-528,eid-80,10
eid-604,eid-80,10
eid-626,eid-80,10
eid-659,eid-80,10
eid-661,eid-80,10
eid-662,eid-80,10
eid-663,eid-80,10
eid-686,eid-80,10
eid-727,eid-80,10
eid-764,eid-80,10
eid-802,eid-80,10
eid-824,eid-80,10
eid-863,eid-80,10
eid-870,eid-80,10
eid-884,eid-80,10
eid-889,eid-80,10
eid-890,eid-80,10
eid-901,eid-80,10
eid-925,eid-80,10
eid-945,eid-80,10
eid-946,eid-80,10
eid-1043,eid-80,10
eid-1052,eid-80,10
eid-1055,eid-80,10
eid-1093,eid-80,10
eid-1215,eid-80,10
eid-1228,eid-80,10
eid-1389,eid-80,10
eid-1391,eid-80,10
eid-1413,eid-80,10
eid-1420,eid-80,10
eid-1424,eid-80,10
eid-1445,eid-80,10
eid-1486,eid-80,10
eid-1507,eid-80,10
eid-1517,eid-80,10
eid-1543,eid-80,10
eid-1552,eid-80,10
eid-1554,eid-80,10
eid-1565,eid-80,10
eid-1574,eid-80,10
eid-1588,eid-80,10
eid-1593,eid-80,10
eid-1616,eid-80,10
eid-1626,eid-80,10
eid-1650,eid-80,10
eid-1652,eid-80,10
eid-1656,eid-80,10
eid-1669,eid-80,10
eid-1675,eid-80,10
eid-1679,eid-80,10
eid-1695,eid-80,10
eid-1765,eid-80,10
eid-1768,eid-80,10
eid-1991,eid-80,10
eid-2010,eid-80,10
eid-2039,eid-80,10
eid-2045,eid-80,10
eid-2122,eid-80,10
eid-2148,eid-80,10
eid-2184,eid-80,10
eid-2189,eid-80,10
eid-2190,eid-80,10
eid-2211,eid-80,10
eid-2350,eid-80,10
eid-2715,eid-80,10
eid-2728,eid-80,10
eid-2729,eid-80,10
eid-2856,eid-80,10
eid-2916,eid-80,10
eid-3001,eid-80,10
eid-3019,eid-80,10
eid-3215,eid-80,10
eid-3762,eid-80,10
eid-4530,eid-80,10
eid-4572,eid-80,10
eid-4582,eid-80,10
eid-4585,eid-80,10
eid-4586,eid-80,10
eid-4587,eid-80,10
eid-4603,eid-80,10
eid-4619,eid-80,10
eid-5077,eid-80,10
eid-5148,eid-80,10
eid-5332,eid-80,10
eid-5742,eid-80,10
eid-5830,eid-80,10
eid-5948,eid-80,10
eid-6305,eid-80,10
eid-6543,eid-80,10
eid-6589,eid-80,10
eid-6626,eid-80,10
eid-6632,eid-80,10
eid-6876,eid-80,10
eid-7032,eid-80,10
eid-7092,eid-80,10
eid-7302,eid-80,10
eid-7904,eid-80,10
eid-7905,eid-80,10
eid-7919,eid-80,10
eid-7927,eid-80,10
eid-8417,eid-80,10
eid-9905,eid-80,10
eid-10110,eid-80,10
eid-10133,eid-80,10
eid-10159,eid-80,10
eid-10596,eid-80,10
eid-10991,eid-80,10
eid-11003,eid-80,10
eid-11306,eid-80,10
eid-12215,eid-80,10
eid-12928,eid-80,10
eid-13371,eid-80,10
eid-13665,eid-80,10
eid-14702,eid-80,10
eid-16692,eid-80,10
eid-17137,eid-80,10
eid-19419,eid-80,10
eid-20037,eid-80,10
eid-20038,eid-80,10
eid-20039,eid-80,10
eid-20040,eid-80,10
eid-20041,eid-80,10
eid-20042,eid-80,10
eid-20043,eid-80,10
eid-20044,eid-80,10
eid-20045,eid-80,10
eid-20046,eid-80,10
eid-20047,eid-80,10
eid-20048,eid-80,10
eid-20049,eid-80,10
eid-20050,eid-80,10
eid-20051,eid-80,10
eid-20052,eid-80,10
eid-20053,eid-80,10
eid-20054,eid-80,10
eid-20055,eid-80,10
eid-20056,eid-80,10
eid-20057,eid-80,10
eid-20058,eid-80,10
eid-20059,eid-80,10
eid-20060,eid-80,10
eid-20061,eid-80,10
eid-20062,eid-80,10
eid-20063,eid-80,10
eid-20064,eid-80,10
eid-20065,eid-80,10
eid-20066,eid-80,10
eid-20067,eid-80,10
eid-20068,eid-80,10
eid-20069,eid-80,10
eid-20070,eid-80,10
eid-20071,eid-80,10
eid-20072,eid-80,10
eid-20073,eid-80,10
eid-20074,eid-80,10
eid-20075,eid-80,10
eid-20076,eid-80,10
eid-20077,eid-80,10
eid-20078,eid-80,10
eid-20079,eid-80,10
eid-20080,eid-80,10
eid-20081,eid-80,10
eid-20082,eid-80,10
eid-20083,eid-80,10
eid-20084,eid-80,10
eid-20085,eid-80,10
eid-20086,eid-80,10
eid-20087,eid-80,10
eid-20088,eid-80,10
eid-20089,eid-80,10
eid-20090,eid-80,10
eid-20091,eid-80,10
eid-20092,eid-80,10
eid-20093,eid-80,10
eid-20094,eid-80,10
eid-20095,eid-80,10
eid-20096,eid-80,10
eid-20097,eid-80,10
eid-20098,eid-80,10
eid-20099,eid-80,10
eid-20100,eid-80,10
eid-20101,eid-80,10
eid-20102,eid-80,10
eid-20103,eid-80,10
eid-20104,eid-80,10
eid-20105,eid-80,10
eid-20106,eid-80,10
eid-20107,eid-80,10
eid-20108,eid-80,10
eid-20109,eid-80,10
eid-20110,eid-80,10
eid-20111,eid-80,10
eid-20112,eid-80,10
eid-20113,eid-80,10
eid-20114,eid-80,10
eid-20115,eid-80,10
eid-20116,eid-80,10
eid-20117,eid-80,10
eid-20118,eid-80,10
eid-20119,eid-80,10
eid-20120,eid-80,10
eid-20121,eid-80,10
eid-20122,eid-80,10
eid-20123,eid-80,10
eid-20124,eid-80,10
eid-20125,eid-80,10
eid-20126,eid-80,10
eid-20127,eid-80,10
eid-20128,eid-80,10
eid-20129,eid-80,10
eid-20130,eid-80,10
eid-20131,eid-80,10
eid-20132,eid-80,10
eid-20133,eid-80,10
eid-20134,eid-80,10
eid-20135,eid-80,10
eid-20136,eid-80,10
eid-20137,eid-80,10
eid-20138,eid-80,10
eid-20139,eid-80,10
eid-20140,eid-80,10
eid-20141,eid-80,10
eid-20142,eid-80,10
eid-20143,eid-80,10
eid-20144,eid-80,10
eid-9,eid-81,10
eid-39,eid-81,10
eid-45,eid-81,10
eid-46,eid-81,10
eid-53,eid-81,10
eid-54,eid-81,10
eid-56,eid-81,10
eid-59,eid-81,10
eid-72,eid-81,10
eid-74,eid-81,10
eid-76,eid-81,10
eid-82,eid-81,10
eid-83,eid-81,10
eid-86,eid-81,10
eid-101,eid-81,10
eid-102,eid-81,10
eid-106,eid-81,10
eid-109,eid-81,10
eid-112,eid-81,10
eid-114,eid-81,10
eid-115,eid-81,10
eid-128,eid-81,10
eid-138,eid-81,10
eid-140,eid-81,10
eid-165,eid-81,10
eid-180,eid-81,10
eid-193,eid-81,10
eid-293,eid-81,10
eid-355,eid-81,10
eid-360,eid-81,10
eid-362,eid-81,10
eid-378,eid-81,10
eid-398,eid-81,10
eid-465,eid-81,10
eid-515,eid-81,10
eid-549,eid-81,10
eid-652,eid-81,10
eid-672,eid-81,10
eid-870,eid-81,10
eid-887,eid-81,10
eid-913,eid-81,10
eid-918,eid-81,10
eid-920,eid-81,10
eid-928,eid-81,10
eid-1074,eid-81,10
eid-1139,eid-81,10
eid-1195,eid-81,10
eid-1259,eid-81,10
eid-1265,eid-81,10
eid-1555,eid-81,10
eid-1767,eid-81,10
eid-1802,eid-81,10
eid-1833,eid-81,10
eid-1890,eid-81,10
eid-1893,eid-81,10
eid-1901,eid-81,10
eid-1935,eid-81,10
eid-1936,eid-81,10
eid-1939,eid-81,10
eid-1954,eid-81,10
eid-1976,eid-81,10
eid-1988,eid-81,10
eid-2000,eid-81,10
eid-2024,eid-81,10
eid-2045,eid-81,10
eid-2047,eid-81,10
eid-2118,eid-81,10
eid-2253,eid-81,10
eid-2278,eid-81,10
eid-2337,eid-81,10
eid-2433,eid-81,10
eid-2564,eid-81,10
eid-2592,eid-81,10
eid-2606,eid-81,10
eid-2732,eid-81,10
eid-2753,eid-81,10
eid-2798,eid-81,10
eid-2892,eid-81,10
eid-4027,eid-81,10
eid-4404,eid-81,10
eid-4408,eid-81,10
eid-4410,eid-81,10
eid-4417,eid-81,10
eid-4420,eid-81,10
eid-4423,eid-81,10
eid-4424,eid-81,10
eid-4431,eid-81,10
eid-4435,eid-81,10
eid-5509,eid-81,10
eid-5518,eid-81,10
eid-5802,eid-81,10
eid-6580,eid-81,10
eid-6654,eid-81,10
eid-6658,eid-81,10
eid-8080,eid-81,10
eid-8252,eid-81,10
eid-8284,eid-81,10
eid-8300,eid-81,10
eid-9138,eid-81,10
eid-9139,eid-81,10
eid-9140,eid-81,10
eid-9141,eid-81,10
eid-9142,eid-81,10
eid-9143,eid-81,10
eid-9144,eid-81,10
eid-9145,eid-81,10
eid-9146,eid-81,10
eid-9147,eid-81,10
eid-9148,eid-81,10
eid-9149,eid-81,10
eid-9150,eid-81,10
eid-9151,eid-81,10
eid-9152,eid-81,10
eid-9153,eid-81,10
eid-9154,eid-81,10
eid-9155,eid-81,10
eid-9156,eid-81,10
eid-9157,eid-81,10
eid-9158,eid-81,10
eid-9159,eid-81,10
eid-9,eid-82,10
eid-13,eid-82,10
eid-16,eid-82,10
eid-46,eid-82,10
eid-54,eid-82,10
eid-56,eid-82,10
eid-73,eid-82,10
eid-74,eid-82,10
eid-78,eid-82,10
eid-81,eid-82,10
eid-83,eid-82,10
eid-86,eid-82,10
eid-87,eid-82,10
eid-89,eid-82,10
eid-94,eid-82,10
eid-96,eid-82,10
eid-99,eid-82,10
eid-101,eid-82,10
eid-102,eid-82,10
eid-109,eid-82,10
eid-113,eid-82,10
eid-114,eid-82,10
eid-115,eid-82,10
eid-128,eid-82,10
eid-131,eid-82,10
eid-138,eid-82,10
eid-143,eid-82,10
eid-147,eid-82,10
eid-149,eid-82,10
eid-150,eid-82,10
eid-151,eid-82,10
eid-156,eid-82,10
eid-160,eid-82,10
eid-164,eid-82,10
eid-166,eid-82,10
eid-169,eid-82,10
eid-198,eid-82,10
eid-223,eid-82,10
eid-242,eid-82,10
eid-289,eid-82,10
eid-290,eid-82,10
eid-301,eid-82,10
eid-362,eid-82,10
eid-378,eid-82,10
eid-415,eid-82,10
eid-467,eid-82,10
eid-570,eid-82,10
eid-755,eid-82,10
eid-876,eid-82,10
eid-901,eid-82,10
eid-936,eid-82,10
eid-1051,eid-82,10
eid-1074,eid-82,10
eid-1117,eid-82,10
eid-1265,eid-82,10
eid-1273,eid-82,10
eid-1470,eid-82,10
eid-1504,eid-82,10
eid-1603,eid-82,10
eid-1606,eid-82,10
eid-1668,eid-82,10
eid-1705,eid-82,10
eid-1747,eid-82,10
eid-1767,eid-82,10
eid-1792,eid-82,10
eid-1890,eid-82,10
eid-1897,eid-82,10
eid-1903,eid-82,10
eid-1904,eid-82,10
eid-1908,eid-82,10
eid-1923,eid-82,10
eid-1924,eid-82,10
eid-1925,eid-82,10
eid-1926,eid-82,10
eid-1927,eid-82,10
eid-1939,eid-82,10
eid-1954,eid-82,10
eid-1962,eid-82,10
eid-1964,eid-82,10
eid-1976,eid-82,10
eid-1997,eid-82,10
eid-2003,eid-82,10
eid-2009,eid-82,10
eid-2022,eid-82,10
eid-2040,eid-82,10
eid-2045,eid-82,10
eid-2092,eid-82,10
eid-2222,eid-82,10
eid-2228,eid-82,10
eid-2335,eid-82,10
eid-2458,eid-82,10
eid-2482,eid-82,10
eid-2523,eid-82,10
eid-2526,eid-82,10
eid-2538,eid-82,10
eid-2552,eid-82,10
eid-2561,eid-82,10
eid-2606,eid-82,10
eid-2795,eid-82,10
eid-2796,eid-82,10
eid-2797,eid-82,10
eid-2798,eid-82,10
eid-2799,eid-82,10
eid-2800,eid-82,10
eid-2801,eid-82,10
eid-2802,eid-82,10
eid-2803,eid-82,10
eid-2804,eid-82,10
eid-2805,eid-82,10
eid-2806,eid-82,10
eid-2807,eid-82,10
eid-2808,eid-82,10
eid-2809,eid-82,10
eid-2810,eid-82,10
eid-2811,eid-82,10
eid-2812,eid-82,10
eid-2813,eid-82,10
eid-2814,eid-82,10
eid-2815,eid-82,10
eid-2816,eid-82,10
eid-2817,eid-82,10
eid-2818,eid-82,10
eid-2819,eid-82,10
eid-2820,eid-82,10
eid-2821,eid-82,10
eid-2822,eid-82,10
eid-2823,eid-82,10
eid-2824,eid-82,10
eid-2825,eid-82,10
eid-2826,eid-82,10
eid-2827,eid-82,10
eid-2828,eid-82,10
eid-2829,eid-82,10
eid-2830,eid-82,10
eid-2831,eid-82,10
eid-2832,eid-82,10
eid-2833,eid-82,10
eid-2834,eid-82,10
eid-2835,eid-82,10
eid-2836,eid-82,10
eid-2837,eid-82,10
eid-2838,eid-82,10
eid-2839,eid-82,10
eid-2840,eid-82,10
eid-2841,eid-82,10
eid-2842,eid-82,10
eid-2843,eid-82,10
eid-2844,eid-82,10
eid-2845,eid-82,10
eid-2846,eid-82,10
eid-2847,eid-82,10
eid-2848,eid-82,10
eid-2849,eid-82,10
eid-2850,eid-82,10
eid-2851,eid-82,10
eid-2852,eid-82,10
eid-2853,eid-82,10
eid-2854,eid-82,10
eid-2855,eid-82,10
eid-2856,eid-82,10
eid-2857,eid-82,10
eid-2858,eid-82,10
eid-2859,eid-82,10
eid-2860,eid-82,10
eid-2861,eid-82,10
eid-2862,eid-82,10
eid-2863,eid-82,10
eid-2864,eid-82,10
eid-2865,eid-82,10
eid-2866,eid-82,10
eid-2867,eid-82,10
eid-2868,eid-82,10
eid-2869,eid-82,10
eid-2870,eid-82,10
eid-2871,eid-82,10
eid-2872,eid-82,10
eid-2873,eid-82,10
eid-2874,eid-82,10
eid-2875,eid-82,10
eid-2876,eid-82,10
eid-2877,eid-82,10
eid-2878,eid-82,10
eid-2879,eid-82,10
eid-2880,eid-82,10
eid-2881,eid-82,10
eid-2882,eid-82,10
eid-2883,eid-82,10
eid-2884,eid-82,10
eid-2885,eid-82,10
eid-2886,eid-82,10
eid-2887,eid-82,10
eid-2888,eid-82,10
eid-2889,eid-82,10
eid-2890,eid-82,10
eid-2891,eid-82,10
eid-2892,eid-82,10
eid-2893,eid-82,10
eid-2894,eid-82,10
eid-2895,eid-82,10
eid-2896,eid-82,10
eid-2897,eid-82,10
eid-2898,eid-82,10
eid-2899,eid-82,10
eid-2900,eid-82,10
eid-2901,eid-82,10
eid-2902,eid-82,10
eid-2903,eid-82,10
eid-2904,eid-82,10
eid-2905,eid-82,10
eid-2906,eid-82,10
eid-2907,eid-82,10
eid-2908,eid-82,10
eid-27,eid-83,10
eid-46,eid-83,10
eid-53,eid-83,10
eid-54,eid-83,10
eid-56,eid-83,10
eid-74,eid-83,10
eid-75,eid-83,10
eid-76,eid-83,10
eid-78,eid-83,10
eid-79,eid-83,10
eid-80,eid-83,10
eid-81,eid-83,10
eid-82,eid-83,10
eid-86,eid-83,10
eid-88,eid-83,10
eid-89,eid-83,10
eid-90,eid-83,10
eid-91,eid-83,10
eid-92,eid-83,10
eid-93,eid-83,10
eid-95,eid-83,10
eid-96,eid-83,10
eid-97,eid-83,10
eid-101,eid-83,10
eid-102,eid-83,10
eid-106,eid-83,10
eid-113,eid-83,10
eid-114,eid-83,10
eid-115,eid-83,10
eid-127,eid-83,10
eid-128,eid-83,10
eid-134,eid-83,10
eid-136,eid-83,10
eid-143,eid-83,10
eid-145,eid-83,10
eid-147,eid-83,10
eid-155,eid-83,10
eid-162,eid-83,10
eid-165,eid-83,10
eid-169,eid-83,10
eid-172,eid-83,10
eid-175,eid-83,10
eid-183,eid-83,10
eid-184,eid-83,10
eid-185,eid-83,10
eid-186,eid-83,10
eid-192,eid-83,10
eid-195,eid-83,10
eid-215,eid-83,10
eid-229,eid-83,10
eid-230,eid-83,10
eid-232,eid-83,10
eid-239,eid-83,10
eid-261,eid-83,10
eid-276,eid-83,10
eid-277,eid-83,10
eid-279,eid-83,10
eid-287,eid-83,10
eid-289,eid-83,10
eid-308,eid-83,10
eid-331,eid-83,10
eid-342,eid-83,10
eid-345,eid-83,10
eid-346,eid-83,10
eid-347,eid-83,10
eid-348,eid-83,10
eid-349,eid-83,10
eid-368,eid-83,10
eid-385,eid-83,10
eid-400,eid-83,10
eid-402,eid-83,10
eid-405,eid-83,10
eid-409,eid-83,10
eid-417,eid-83,10
eid-420,eid-83,10
eid-426,eid-83,10
eid-427,eid-83,10
eid-449,eid-83,10
eid-458,eid-83,10
eid-461,eid-83,10
eid-463,eid-83,10
eid-464,eid-83,10
eid-465,eid-83,10
eid-466,eid-83,10
eid-470,eid-83,10
eid-473,eid-83,10
eid-481,eid-83,10
eid-495,eid-83,10
eid-509,eid-83,10
eid-516,eid-83,10
eid-539,eid-83,10
eid-572,eid-83,10
eid-585,eid-83,10
eid-594,eid-83,10
eid-621,eid-83,10
eid-659,eid-83,10
eid-667,eid-83,10
eid-668,eid-83,10
eid-734,eid-83,10
eid-762,eid-83,10
eid-783,eid-83,10
eid-789,eid-83,10
eid-802,eid-83,10
eid-824,eid-83,10
eid-862,eid-83,10
eid-863,eid-83,10
eid-864,eid-83,10
eid-865,eid-83,10
eid-866,eid-83,10
eid-867,eid-83,10
eid-868,eid-83,10
eid-869,eid-83,10
eid-870,eid-83,10
eid-871,eid-83,10
eid-872,eid-83,10
eid-873,eid-83,10
eid-874,eid-83,10
eid-875,eid-83,10
eid-876,eid-83,10
eid-877,eid-83,10
eid-878,eid-83,10
eid-879,eid-83,10
eid-880,eid-83,10
eid-881,eid-83,10
eid-882,eid-83,10
eid-883,eid-83,10
eid-884,eid-83,10
eid-885,eid-83,10
eid-886,eid-83,10
eid-887,eid-83,10
eid-888,eid-83,10
eid-889,eid-83,10
eid-890,eid-83,10
eid-891,eid-83,10
eid-892,eid-83,10
eid-893,eid-83,10
eid-894,eid-83,10
eid-895,eid-83,10
eid-896,eid-83,10
eid-897,eid-83,10
eid-898,eid-83,10
eid-899,eid-83,10
eid-900,eid-83,10
eid-901,eid-83,10
eid-902,eid-83,10
eid-903,eid-83,10
eid-904,eid-83,10
eid-905,eid-83,10
eid-906,eid-83,10
eid-907,eid-83,10
eid-908,eid-83,10
eid-909,eid-83,10
eid-910,eid-83,10
eid-911,eid-83,10
eid-912,eid-83,10
eid-913,eid-83,10
eid-914,eid-83,10
eid-915,eid-83,10
eid-916,eid-83,10
eid-917,eid-83,10
eid-918,eid-83,10
eid-919,eid-83,10
eid-920,eid-83,10
eid-921,eid-83,10
eid-922,eid-83,10
eid-923,eid-83,10
eid-924,eid-83,10
eid-925,eid-83,10
eid-926,eid-83,10
eid-927,eid-83,10
eid-928,eid-83,10
eid-929,eid-83,10
eid-930,eid-83,10
eid-931,eid-83,10
eid-932,eid-83,10
eid-933,eid-83,10
eid-934,eid-83,10
eid-935,eid-83,10
eid-936,eid-83,10
eid-937,eid-83,10
eid-938,eid-83,10
eid-939,eid-83,10
eid-940,eid-83,10
eid-941,eid-83,10
eid-942,eid-83,10
eid-943,eid-83,10
eid-944,eid-83,10
eid-945,eid-83,10
eid-946,eid-83,10
eid-947,eid-83,10
eid-948,eid-83,10
eid-949,eid-83,10
eid-950,eid-83,10
eid-951,eid-83,10
eid-952,eid-83,10
eid-953,eid-83,10
eid-954,eid-83,10
eid-955,eid-83,10
eid-956,eid-83,10
eid-957,eid-83,10
eid-958,eid-83,10
eid-54,eid-84,10
eid-76,eid-84,10
eid-80,eid-84,10
eid-85,eid-84,10
eid-87,eid-84,10
eid-88,eid-84,10
eid-119,eid-84,10
eid-136,eid-84,10
eid-186,eid-84,10
eid-188,eid-84,10
eid-265,eid-84,10
eid-316,eid-84,10
eid-462,eid-84,10
eid-481,eid-84,10
eid-497,eid-84,10
eid-517,eid-84,10
eid-534,eid-84,10
eid-535,eid-84,10
eid-545,eid-84,10
eid-572,eid-84,10
eid-604,eid-84,10
eid-626,eid-84,10
eid-678,eid-84,10
eid-686,eid-84,10
eid-727,eid-84,10
eid-766,eid-84,10
eid-813,eid-84,10
eid-823,eid-84,10
eid-1055,eid-84,10
eid-1057,eid-84,10
eid-1070,eid-84,10
eid-1071,eid-84,10
eid-1097,eid-84,10
eid-1159,eid-84,10
eid-1403,eid-84,10
eid-1404,eid-84,10
eid-1543,eid-84,10
eid-1615,eid-84,10
eid-1621,eid-84,10
eid-1679,eid-84,10
eid-2148,eid-84,10
eid-2211,eid-84,10
eid-2560,eid-84,10
eid-4584,eid-84,10
eid-7525,eid-84,10
eid-8245,eid-84,10
eid-10110,eid-84,10
eid-10111,eid-84,10
eid-53,eid-85,10
eid-54,eid-85,10
eid-56,eid-85,10
eid-80,eid-85,10
eid-84,eid-85,10
eid-86,eid-85,10
eid-87,eid-85,10
eid-107,eid-85,10
eid-119,eid-85,10
eid-154,eid-85,10
eid-200,eid-85,10
eid-528,eid-85,10
eid-604,eid-85,10
eid-661,eid-85,10
eid-662,eid-85,10
eid-686,eid-85,10
eid-727,eid-85,10
eid-1486,eid-85,10
eid-1615,eid-85,10
eid-2148,eid-85,10
eid-2184,eid-85,10
eid-2189,eid-85,10
eid-2190,eid-85,10
eid-2211,eid-85,10
eid-3215,eid-85,10
eid-4583,eid-85,10
eid-4585,eid-85,10
eid-4586,eid-85,10
eid-4589,eid-85,10
eid-4590,eid-85,10
eid-28493,eid-85,10
eid-28494,eid-85,10
eid-5,eid-86,10
eid-53,eid-86,10
eid-54,eid-86,10
eid-56,eid-86,10
eid-73,eid-86,10
eid-74,eid-86,10
eid-75,eid-86,10
eid-76,eid-86,10
eid-78,eid-86,10
eid-80,eid-86,10
eid-81,eid-86,10
eid-82,eid-86,10
eid-83,eid-86,10
eid-85,eid-86,10
eid-87,eid-86,10
eid-93,eid-86,10
eid-96,eid-86,10
eid-97,eid-86,10
eid-99,eid-86,10
eid-100,eid-86,10
eid-101,eid-86,10
eid-102,eid-86,10
eid-106,eid-86,10
eid-109,eid-86,10
eid-113,eid-86,10
eid-114,eid-86,10
eid-115,eid-86,10
eid-121,eid-86,10
eid-123,eid-86,10
eid-127,eid-86,10
eid-128,eid-86,10
eid-138,eid-86,10
eid-147,eid-86,10
eid-149,eid-86,10
eid-151,eid-86,10
eid-156,eid-86,10
eid-165,eid-86,10
eid-173,eid-86,10
eid-186,eid-86,10
eid-192,eid-86,10
eid-197,eid-86,10
eid-223,eid-86,10
eid-239,eid-86,10
eid-267,eid-86,10
eid-269,eid-86,10
eid-271,eid-86,10
eid-277,eid-86,10
eid-289,eid-86,10
eid-290,eid-86,10
eid-301,eid-86,10
eid-326,eid-86,10
eid-342,eid-86,10
eid-465,eid-86,10
eid-539,eid-86,10
eid-864,eid-86,10
eid-870,eid-86,10
eid-876,eid-86,10
eid-879,eid-86,10
eid-881,eid-86,10
eid-901,eid-86,10
eid-905,eid-86,10
eid-920,eid-86,10
eid-945,eid-86,10
eid-946,eid-86,10
eid-948,eid-86,10
eid-1139,eid-86,10
eid-1202,eid-86,10
eid-1470,eid-86,10
eid-1504,eid-86,10
eid-1668,eid-86,10
eid-1784,eid-86,10
eid-1793,eid-86,10
eid-1797,eid-86,10
eid-1798,eid-86,10
eid-1801,eid-86,10
eid-1903,eid-86,10
eid-1904,eid-86,10
eid-1923,eid-86,10
eid-1924,eid-86,10
eid-1925,eid-86,10
eid-1926,eid-86,10
eid-1939,eid-86,10
eid-1953,eid-86,10
eid-1960,eid-86,10
eid-1997,eid-86,10
eid-2015,eid-86,10
eid-2112,eid-86,10
eid-2300,eid-86,10
eid-2337,eid-86,10
eid-2367,eid-86,10
eid-2381,eid-86,10
eid-2458,eid-86,10
eid-2717,eid-86,10
eid-2816,eid-86,10
eid-2832,eid-86,10
eid-2861,eid-86,10
eid-2883,eid-86,10
eid-2900,eid-86,10
eid-2909,eid-86,10
eid-4146,eid-86,10
eid-4279,eid-86,10
eid-4394,eid-86,10
eid-5508,eid-86,10
eid-5509,eid-86,10
eid-5510,eid-86,10
eid-5511,eid-86,10
eid-5512,eid-86,10
eid-5513,eid-86,10
eid-5514,eid-86,10
eid-5515,eid-86,10
eid-5516,eid-86,10
eid-5517,eid-86,10
eid-5518,eid-86,10
eid-5519,eid-86,10
eid-5520,eid-86,10
eid-5521,eid-86,10
eid-5522,eid-86,10
eid-5523,eid-86,10
eid-5524,eid-86,10
eid-5525,eid-86,10
eid-5526,eid-86,10
eid-5527,eid-86,10
eid-5528,eid-86,10
eid-5529,eid-86,10
eid-5530,eid-86,10
eid-53,eid-87,10
eid-54,eid-87,10
eid-56,eid-87,10
eid-76,eid-87,10
eid-78,eid-87,10
eid-80,eid-87,10
eid-82,eid-87,10
eid-84,eid-87,10
eid-85,eid-87,10
eid-86,eid-87,10
eid-106,eid-87,10
eid-107,eid-87,10
eid-114,eid-87,10
eid-119,eid-87,10
eid-145,eid-87,10
eid-192,eid-87,10
eid-200,eid-87,10
eid-280,eid-87,10
eid-462,eid-87,10
eid-528,eid-87,10
eid-604,eid-87,10
eid-661,eid-87,10
eid-662,eid-87,10
eid-686,eid-87,10
eid-727,eid-87,10
eid-764,eid-87,10
eid-946,eid-87,10
eid-1615,eid-87,10
eid-1902,eid-87,10
eid-2031,eid-87,10
eid-2189,eid-87,10
eid-2211,eid-87,10
eid-4305,eid-87,10
eid-4582,eid-87,10
eid-4583,eid-87,10
eid-4584,eid-87,10
eid-4585,eid-87,10
eid-4586,eid-87,10
eid-4587,eid-87,10
eid-4588,eid-87,10
eid-4589,eid-87,10
eid-4590,eid-87,10
eid-4591,eid-87,10
eid-4592,eid-87,10
eid-7,eid-88,10
eid-49,eid-88,10
eid-50,eid-88,10
eid-54,eid-88,10
eid-56,eid-88,10
eid-74,eid-88,10
eid-75,eid-88,10
eid-76,eid-88,10
eid-79,eid-88,10
eid-80,eid-88,10
eid-83,eid-88,10
eid-84,eid-88,10
eid-89,eid-88,10
eid-90,eid-88,10
eid-91,eid-88,10
eid-92,eid-88,10
eid-93,eid-88,10
eid-95,eid-88,10
eid-97,eid-88,10
eid-106,eid-88,10
eid-107,eid-88,10
eid-109,eid-88,10
eid-116,eid-88,10
eid-118,eid-88,10
eid-136,eid-88,10
eid-138,eid-88,10
eid-146,eid-88,10
eid-147,eid-88,10
eid-151,eid-88,10
eid-155,eid-88,10
eid-164,eid-88,10
eid-165,eid-88,10
eid-168,eid-88,10
eid-177,eid-88,10
eid-180,eid-88,10
eid-183,eid-88,10
eid-186,eid-88,10
eid-188,eid-88,10
eid-195,eid-88,10
eid-241,eid-88,10
eid-243,eid-88,10
eid-255,eid-88,10
eid-261,eid-88,10
eid-264,eid-88,10
eid-271,eid-88,10
eid-273,eid-88,10
eid-274,eid-88,10
eid-281,eid-88,10
eid-286,eid-88,10
eid-316,eid-88,10
eid-319,eid-88,10
eid-340,eid-88,10
eid-342,eid-88,10
eid-345,eid-88,10
eid-385,eid-88,10
eid-386,eid-88,10
eid-391,eid-88,10
eid-398,eid-88,10
eid-403,eid-88,10
eid-416,eid-88,10
eid-418,eid-88,10
eid-420,eid-88,10
eid-423,eid-88,10
eid-436,eid-88,10
eid-441,eid-88,10
eid-449,eid-88,10
eid-454,eid-88,10
eid-458,eid-88,10
eid-465,eid-88,10
eid-470,eid-88,10
eid-473,eid-88,10
eid-478,eid-88,10
eid-481,eid-88,10
eid-490,eid-88,10
eid-498,eid-88,10
eid-499,eid-88,10
eid-509,eid-88,10
eid-516,eid-88,10
eid-517,eid-88,10
eid-540,eid-88,10
eid-547,eid-88,10
eid-572,eid-88,10
eid-588,eid-88,10
eid-591,eid-88,10
eid-596,eid-88,10
eid-603,eid-88,10
eid-615,eid-88,10
eid-623,eid-88,10
eid-630,eid-88,10
eid-639,eid-88,10
eid-659,eid-88,10
eid-668,eid-88,10
eid-681,eid-88,10
eid-692,eid-88,10
eid-711,eid-88,10
eid-715,eid-88,10
eid-762,eid-88,10
eid-792,eid-88,10
eid-796,eid-88,10
eid-797,eid-88,10
eid-802,eid-88,10
eid-804,eid-88,10
eid-815,eid-88,10
eid-823,eid-88,10
eid-828,eid-88,10
eid-829,eid-88,10
eid-876,eid-88,10
eid-878,eid-88,10
eid-879,eid-88,10
eid-887,eid-88,10
eid-895,eid-88,10
eid-910,eid-88,10
eid-913,eid-88,10
eid-914,eid-88,10
eid-915,eid-88,10
eid-919,eid-88,10
eid-922,eid-88,10
eid-936,eid-88,10
eid-939,eid-88,10
eid-949,eid-88,10
eid-960,eid-88,10
eid-1027,eid-88,10
eid-1053,eid-88,10
eid-1071,eid-88,10
eid-1077,eid-88,10
eid-1089,eid-88,10
eid-1094,eid-88,10
eid-1113,eid-88,10
eid-1117,eid-88,10
eid-1132,eid-88,10
eid-1139,eid-88,10
eid-1153,eid-88,10
eid-1168,eid-88,10
eid-1196,eid-88,10
eid-1203,eid-88,10
eid-1210,eid-88,10
eid-1211,eid-88,10
eid-1213,eid-88,10
eid-1216,eid-88,10
eid-1224,eid-88,10
eid-1233,eid-88,10
eid-1248,eid-88,10
eid-1252,eid-88,10
eid-1306,eid-88,10
eid-1312,eid-88,10
eid-1364,eid-88,10
eid-1424,eid-88,10
eid-1458,eid-88,10
eid-1470,eid-88,10
eid-1471,eid-88,10
eid-1478,eid-88,10
eid-1507,eid-88,10
eid-1538,eid-88,10
eid-1559,eid-88,10
eid-1586,eid-88,10
eid-1603,eid-88,10
eid-1734,eid-88,10
eid-1760,eid-88,10
eid-1782,eid-88,10
eid-1788,eid-88,10
eid-1817,eid-88,10
eid-1821,eid-88,10
eid-1853,eid-88,10
eid-1899,eid-88,10
eid-1920,eid-88,10
eid-1921,eid-88,10
eid-1922,eid-88,10
eid-1927,eid-88,10
eid-1935,eid-88,10
eid-1939,eid-88,10
eid-2056,eid-88,10
eid-2057,eid-88,10
eid-2081,eid-88,10
eid-2084,eid-88,10
eid-2264,eid-88,10
eid-2277,eid-88,10
eid-2278,eid-88,10
eid-2506,eid-88,10
eid-2508,eid-88,10
eid-2510,eid-88,10
eid-2524,eid-88,10
eid-2528,eid-88,10
eid-2560,eid-88,10
eid-2777,eid-88,10
eid-2780,eid-88,10
eid-3143,eid-88,10
eid-3187,eid-88,10
eid-3308,eid-88,10
eid-3312,eid-88,10
eid-3914,eid-88,10
eid-3994,eid-88,10
eid-4223,eid-88,10
eid-4378,eid-88,10
eid-4388,eid-88,10
eid-4398,eid-88,10
eid-4484,eid-88,10
eid-4486,eid-88,10
eid-4530,eid-88,10
eid-4827,eid-88,10
eid-4828,eid-88,10
eid-4844,eid-88,10
eid-4864,eid-88,10
eid-5187,eid-88,10
eid-5614,eid-88,10
eid-5678,eid-88,10
eid-5695,eid-88,10
eid-5696,eid-88,10
eid-5698,eid-88,10
eid-5715,eid-88,10
eid-5725,eid-88,10
eid-5965,eid-88,10
eid-6565,eid-88,10
eid-6576,eid-88,10
eid-6577,eid-88,10
eid-6596,eid-88,10
eid-6607,eid-88,10
eid-6608,eid-88,10
eid-6641,eid-88,10
eid-6653,eid-88,10
eid-6810,eid-88,10
eid-6834,eid-88,10
eid-6991,eid-88,10
eid-7320,eid-88,10
eid-7514,eid-88,10
eid-7724,eid-88,10
eid-7775,eid-88,10
eid-7947,eid-88,10
eid-8065,eid-88,10
eid-8212,eid-88,10
eid-8213,eid-88,10
eid-8214,eid-88,10
eid-8215,eid-88,10
eid-8219,eid-88,10
eid-8220,eid-88,10
eid-8221,eid-88,10
eid-8222,eid-88,10
eid-8223,eid-88,10
eid-8224,eid-88,10
eid-8225,eid-88,10
eid-8226,eid-88,10
eid-8227,eid-88,10
eid-8228,eid-88,10
eid-8230,eid-88,10
eid-8231,eid-88,10
eid-8233,eid-88,10
eid-8236,eid-88,10
eid-8240,eid-88,10
eid-8241,eid-88,10
eid-8243,eid-88,10
eid-8245,eid-88,10
eid-8247,eid-88,10
eid-8264,eid-88,10
eid-8512,eid-88,10
eid-8883,eid-88,10
eid-8912,eid-88,10
eid-9079,eid-88,10
eid-9467,eid-88,10
eid-9468,eid-88,10
eid-9469,eid-88,10
eid-9470,eid-88,10
eid-9471,eid-88,10
eid-9472,eid-88,10
eid-9473,eid-88,10
eid-9474,eid-88,10
eid-9475,eid-88,10
eid-9476,eid-88,10
eid-9477,eid-88,10
eid-9478,eid-88,10
eid-9479,eid-88,10
eid-9480,eid-88,10
eid-9481,eid-88,10
eid-9482,eid-88,10
eid-9483,eid-88,10
eid-9484,eid-88,10
eid-9485,eid-88,10
eid-9486,eid-88,10
eid-9487,eid-88,10
eid-9488,eid-88,10
eid-9489,eid-88,10
eid-9490,eid-88,10
eid-9491,eid-88,10
eid-9492,eid-88,10
eid-9493,eid-88,10
eid-9494,eid-88,10
eid-46,eid-89,10
eid-54,eid-89,10
eid-56,eid-89,10
eid-73,eid-89,10
eid-75,eid-89,10
eid-76,eid-89,10
eid-80,eid-89,10
eid-82,eid-89,10
eid-83,eid-89,10
eid-88,eid-89,10
eid-90,eid-89,10
eid-91,eid-89,10
eid-92,eid-89,10
eid-93,eid-89,10
eid-102,eid-89,10
eid-106,eid-89,10
eid-109,eid-89,10
eid-115,eid-89,10
eid-116,eid-89,10
eid-119,eid-89,10
eid-120,eid-89,10
eid-129,eid-89,10
eid-131,eid-89,10
eid-134,eid-89,10
eid-135,eid-89,10
eid-136,eid-89,10
eid-137,eid-89,10
eid-149,eid-89,10
eid-151,eid-89,10
eid-155,eid-89,10
eid-156,eid-89,10
eid-159,eid-89,10
eid-168,eid-89,10
eid-171,eid-89,10
eid-172,eid-89,10
eid-173,eid-89,10
eid-175,eid-89,10
eid-183,eid-89,10
eid-193,eid-89,10
eid-194,eid-89,10
eid-195,eid-89,10
eid-197,eid-89,10
eid-240,eid-89,10
eid-245,eid-89,10
eid-269,eid-89,10
eid-279,eid-89,10
eid-286,eid-89,10
eid-326,eid-89,10
eid-378,eid-89,10
eid-400,eid-89,10
eid-402,eid-89,10
eid-409,eid-89,10
eid-418,eid-89,10
eid-420,eid-89,10
eid-423,eid-89,10
eid-441,eid-89,10
eid-448,eid-89,10
eid-456,eid-89,10
eid-473,eid-89,10
eid-478,eid-89,10
eid-487,eid-89,10
eid-488,eid-89,10
eid-490,eid-89,10
eid-517,eid-89,10
eid-540,eid-89,10
eid-564,eid-89,10
eid-572,eid-89,10
eid-603,eid-89,10
eid-630,eid-89,10
eid-676,eid-89,10
eid-688,eid-89,10
eid-716,eid-89,10
eid-802,eid-89,10
eid-851,eid-89,10
eid-853,eid-89,10
eid-871,eid-89,10
eid-875,eid-89,10
eid-878,eid-89,10
eid-880,eid-89,10
eid-893,eid-89,10
eid-899,eid-89,10
eid-904,eid-89,10
eid-910,eid-89,10
eid-920,eid-89,10
eid-925,eid-89,10
eid-929,eid-89,10
eid-943,eid-89,10
eid-1039,eid-89,10
eid-1053,eid-89,10
eid-1071,eid-89,10
eid-1153,eid-89,10
eid-1187,eid-89,10
eid-1196,eid-89,10
eid-1203,eid-89,10
eid-1210,eid-89,10
eid-1228,eid-89,10
eid-1365,eid-89,10
eid-1371,eid-89,10
eid-1439,eid-89,10
eid-1470,eid-89,10
eid-1552,eid-89,10
eid-1558,eid-89,10
eid-1562,eid-89,10
eid-1566,eid-89,10
eid-1603,eid-89,10
eid-1606,eid-89,10
eid-1615,eid-89,10
eid-1672,eid-89,10
eid-1685,eid-89,10
eid-1709,eid-89,10
eid-1759,eid-89,10
eid-1771,eid-89,10
eid-1782,eid-89,10
eid-1788,eid-89,10
eid-1814,eid-89,10
eid-1821,eid-89,10
eid-1842,eid-89,10
eid-1883,eid-89,10
eid-1895,eid-89,10
eid-1897,eid-89,10
eid-1902,eid-89,10
eid-1918,eid-89,10
eid-1919,eid-89,10
eid-1935,eid-89,10
eid-1962,eid-89,10
eid-1979,eid-89,10
eid-2010,eid-89,10
eid-2047,eid-89,10
eid-2265,eid-89,10
eid-2323,eid-89,10
eid-2471,eid-89,10
eid-2477,eid-89,10
eid-2482,eid-89,10
eid-2495,eid-89,10
eid-2521,eid-89,10
eid-2529,eid-89,10
eid-2534,eid-89,10
eid-2535,eid-89,10
eid-2536,eid-89,10
eid-2542,eid-89,10
eid-2560,eid-89,10
eid-2724,eid-89,10
eid-2750,eid-89,10
eid-2911,eid-89,10
eid-2915,eid-89,10
eid-2929,eid-89,10
eid-2931,eid-89,10
eid-2938,eid-89,10
eid-2949,eid-89,10
eid-2957,eid-89,10
eid-2959,eid-89,10
eid-2981,eid-89,10
eid-2995,eid-89,10
eid-3075,eid-89,10
eid-3187,eid-89,10
eid-3981,eid-89,10
eid-4219,eid-89,10
eid-4275,eid-89,10
eid-4292,eid-89,10
eid-4369,eid-89,10
eid-4371,eid-89,10
eid-4376,eid-89,10
eid-4379,eid-89,10
eid-4392,eid-89,10
eid-4393,eid-89,10
eid-4396,eid-89,10
eid-4584,eid-89,10
eid-4586,eid-89,10
eid-4588,eid-89,10
eid-4654,eid-89,10
eid-4694,eid-89,10
eid-4738,eid-89,10
eid-4791,eid-89,10
eid-4809,eid-89,10
eid-4824,eid-89,10
eid-4837,eid-89,10
eid-5509,eid-89,10
eid-5517,eid-89,10
eid-5607,eid-89,10
eid-6541,eid-89,10
eid-6554,eid-89,10
eid-6565,eid-89,10
eid-6584,eid-89,10
eid-7120,eid-89,10
eid-7400,eid-89,10
eid-7864,eid-89,10
eid-7930,eid-89,10
eid-7949,eid-89,10
eid-8213,eid-89,10
